"STATION","NAME","LATITUDE","LONGITUDE","ELEVATION","DATE","DP10","DSND","DSNW","DT32","DX90","EMNT","EMSD","EMSN","EMXP","EMXT","PRCP","SNOW","TAVG","TMAX","TMIN","WSF5","WSFG"
"USW00026451","ANCHORAGE TED STEVENS INTERNATIONAL AIRPORT, AK US","61.169","-150.0278","36.6","1998-01","2","30","2","31","0","-23.9","457","64.0","5.6","0.6","11.5","173","-9.2","-5.9","-12.5",,"15.6"
"USW00026451","ANCHORAGE TED STEVENS INTERNATIONAL AIRPORT, AK US","61.169","-150.0278","36.6","1998-02","1","27","1","28","0","-16.1","584","64.0","5.1","5.0","6.1","69","-3.5","-0.1","-6.8",,"14.8"
"USW00026451","ANCHORAGE TED STEVENS INTERNATIONAL AIRPORT, AK US","61.169","-150.0278","36.6","1998-03","0","31","0","28","0","-16.7","584","13.0","1.3","9.4","1.8","16","-1.0","3.2","-5.3",,"16.1"
"USW00026451","ANCHORAGE TED STEVENS INTERNATIONAL AIRPORT, AK US","61.169","-150.0278","36.6","1998-04","1","10","1","16","0","-2.2","305","41.0","3.6","15.0","9.9","46","4.5","8.9","0.2","20.6","20.6"
"USW00026451","ANCHORAGE TED STEVENS INTERNATIONAL AIRPORT, AK US","61.169","-150.0278","36.6","1998-05","1","0","0","0","0","1.7","0","0.0","10.4","20.0","15.9","0","8.5","12.3","4.8","17.5","17.4"
"USW00026451","ANCHORAGE TED STEVENS INTERNATIONAL AIRPORT, AK US","61.169","-150.0278","36.6","1998-06","9","0","0","0","0","5.6","0","0.0","13.5","22.2","68.8","0","12.6","16.6","8.7","16.1",
"USW00026451","ANCHORAGE TED STEVENS INTERNATIONAL AIRPORT, AK US","61.169","-150.0278","36.6","1998-07","4","0","0","0","0","6.7","0","0.0","7.4","22.2","23.2","0","14.0","17.9","10.2","13.4",
"USW00026451","ANCHORAGE TED STEVENS INTERNATIONAL AIRPORT, AK US","61.169","-150.0278","36.6","1998-08","12","0","0","0","0","1.1","0","0.0","14.5","22.2","80.5","0","12.1","15.4","8.8","18.3",
"USW00026451","ANCHORAGE TED STEVENS INTERNATIONAL AIRPORT, AK US","61.169","-150.0278","36.6","1998-09","3","0","0","1","0","-0.6","0","0.0","4.1","15.6","18.8","0","9.4","12.8","6.1","17.0",
"USW00026451","ANCHORAGE TED STEVENS INTERNATIONAL AIRPORT, AK US","61.169","-150.0278","36.6","1998-10","2","0","0","23","0","-8.9","0","20.0","3.0","12.2","13.8","25","2.2","5.8","-1.5","14.8",
"USW00026451","ANCHORAGE TED STEVENS INTERNATIONAL AIRPORT, AK US","61.169","-150.0278","36.6","1998-11","1","21","5","29","0","-20.0","178","64.0","3.6","7.2","9.5","283","-4.8","-1.7","-7.8","16.5",
"USW00026451","ANCHORAGE TED STEVENS INTERNATIONAL AIRPORT, AK US","61.169","-150.0278","36.6","1998-12","5","31","8","31","0","-22.2","483","384.0","15.7","-1.1","33.5","958","-9.8","-6.4","-13.2","13.4",
"USW00026451","ANCHORAGE TED STEVENS INTERNATIONAL AIRPORT, AK US","61.169","-150.0278","36.6","1999-01","2","31","3","30","0","-26.7","457","104.0","4.8","3.9","8.4","271","-11.2","-7.5","-14.8","21.0",
"USW00026451","ANCHORAGE TED STEVENS INTERNATIONAL AIRPORT, AK US","61.169","-150.0278","36.6","1999-02","1","28","2","28","0","-33.3","483","89.0","5.6","5.0","7.2","171","-13.8","-9.9","-17.6","14.8",
"USW00026451","ANCHORAGE TED STEVENS INTERNATIONAL AIRPORT, AK US","61.169","-150.0278","36.6","1999-03","2","31","6","31","0","-22.2","711","191.0","6.1","5.6","15.7","553","-4.4","-0.4","-8.4","18.3",
"USW00026451","ANCHORAGE TED STEVENS INTERNATIONAL AIRPORT, AK US","61.169","-150.0278","36.6","1999-04","1","23","2","21","0","-11.7","533","79.0","3.0","11.1","5.8","112","1.4","5.2","-2.4","16.1",
"USW00026451","ANCHORAGE TED STEVENS INTERNATIONAL AIRPORT, AK US","61.169","-150.0278","36.6","1999-05","4","1","0","8","0","-1.7","25","23.0","12.2","18.9","33.9","23","7.6","12.3","2.9","16.1",
"USW00026451","ANCHORAGE TED STEVENS INTERNATIONAL AIRPORT, AK US","61.169","-150.0278","36.6","1999-06","4","0","0","0","0","3.9","0","0.0","13.2","22.2","28.0","0","12.9","17.1","8.7","19.7",
"USW00026451","ANCHORAGE TED STEVENS INTERNATIONAL AIRPORT, AK US","61.169","-150.0278","36.6","1999-07","7","0","0","0","0","7.2","0","0.0","11.9","25.0","52.4","0","14.7","18.3","11.1","17.9",
"USW00026451","ANCHORAGE TED STEVENS INTERNATIONAL AIRPORT, AK US","61.169","-150.0278","36.6","1999-08","8","0","0","0","0","7.8","0","0.0","34.3","24.4","112.0","0","13.8","16.8","10.8","17.0",
"USW00026451","ANCHORAGE TED STEVENS INTERNATIONAL AIRPORT, AK US","61.169","-150.0278","36.6","1999-09","8","0","0","2","0","-2.8","0","0.0","20.6","16.7","81.2","0","9.4","12.8","6.0","17.9",
"USW00026451","ANCHORAGE TED STEVENS INTERNATIONAL AIRPORT, AK US","61.169","-150.0278","36.6","1999-10","7","7","3","22","0","-8.3","102","74.0","17.0","10.0","67.3","185","1.1","4.0","-1.8","14.8",
"USW00026451","ANCHORAGE TED STEVENS INTERNATIONAL AIRPORT, AK US","61.169","-150.0278","36.6","1999-11","2","30","3","30","0","-19.4","203","84.0","3.8","4.4","8.5","217","-6.9","-3.5","-10.2","12.5",
"USW00026451","ANCHORAGE TED STEVENS INTERNATIONAL AIRPORT, AK US","61.169","-150.0278","36.6","1999-12","2","31","5","31","0","-22.2","508","310.0","16.3","8.9","37.1","558","-9.5","-5.9","-13.1","21.9",
"USW00026451","ANCHORAGE TED STEVENS INTERNATIONAL AIRPORT, AK US","61.169","-150.0278","36.6","2000-01","4","31","11","31","0","-23.3","686","157.0","6.9","4.4","33.8","874","-9.6","-6.4","-12.7","19.7",
"USW00026451","ANCHORAGE TED STEVENS INTERNATIONAL AIRPORT, AK US","61.169","-150.0278","36.6","2000-02","2","29","2","29","0","-13.9","660","66.0","7.9","7.2","14.6","119","-3.4","-0.4","-6.4","25.9",
"USW00026451","ANCHORAGE TED STEVENS INTERNATIONAL AIRPORT, AK US","61.169","-150.0278","36.6","2000-03","3","31","4","31","0","-11.7","483","61.0","4.8","5.6","11.9","249","-1.3","1.9","-4.5","18.3",
"USW00026451","ANCHORAGE TED STEVENS INTERNATIONAL AIRPORT, AK US","61.169","-150.0278","36.6","2000-04","1","17","1","23","0","-6.7","457","84.0","6.1","12.2","10.0","87","3.0","7.4","-1.4","16.1",
"USW00026451","ANCHORAGE TED STEVENS INTERNATIONAL AIRPORT, AK US","61.169","-150.0278","36.6","2000-05","1","0","0","5","0","-1.1","0","0.0","13.7","17.2","17.7","0","7.8","12.7","2.9","14.8",
"USW00026451","ANCHORAGE TED STEVENS INTERNATIONAL AIRPORT, AK US","61.169","-150.0278","36.6","2000-06","3","0","0","0","0","2.8","0","0.0","15.7","22.8","36.4","0","12.8","17.2","8.5","15.6",
"USW00026451","ANCHORAGE TED STEVENS INTERNATIONAL AIRPORT, AK US","61.169","-150.0278","36.6","2000-07","7","0","0","0","0","6.7","0","0.0","17.0","21.1","65.7","0","13.8","17.1","10.5","16.1",
"USW00026451","ANCHORAGE TED STEVENS INTERNATIONAL AIRPORT, AK US","61.169","-150.0278","36.6","2000-08","8","0","0","0","0","2.2","0","0.0","10.7","21.7","42.7","0","12.6","16.8","8.5","17.0",
"USW00026451","ANCHORAGE TED STEVENS INTERNATIONAL AIRPORT, AK US","61.169","-150.0278","36.6","2000-09","9","0","0","4","0","-2.8","0","0.0","18.0","16.7","82.2","0","8.3","12.3","4.4","21.0",
"USW00026451","ANCHORAGE TED STEVENS INTERNATIONAL AIRPORT, AK US","61.169","-150.0278","36.6","2000-10","2","5","1","21","0","-8.9","51","56.0","5.1","10.0","14.8","104","1.5","4.6","-1.5","17.9",
"USW00026451","ANCHORAGE TED STEVENS INTERNATIONAL AIRPORT, AK US","61.169","-150.0278","36.6","2000-11","4","10","2","26","0","-10.6","51","41.0","8.9","8.3","27.5","82","-1.3","1.5","-4.1","17.4",
"USW00026451","ANCHORAGE TED STEVENS INTERNATIONAL AIRPORT, AK US","61.169","-150.0278","36.6","2000-12","2","21","1","31","0","-15.6","127","112.0","5.3","6.7","14.7","133","-3.9","-0.9","-6.9","20.1",
"USW00026451","ANCHORAGE TED STEVENS INTERNATIONAL AIRPORT, AK US","61.169","-150.0278","36.6","2001-01","3","31","4","30","0","-13.3","178","102.0","11.2","7.8","28.2","286","-2.5","0.5","-5.6","17.9",
"USW00026451","ANCHORAGE TED STEVENS INTERNATIONAL AIRPORT, AK US","61.169","-150.0278","36.6","2001-02","3","28","5","27","0","-16.7","483","170.0","9.4","5.0","22.4","542","-4.9","-1.6","-8.3","20.1",
"USW00026451","ANCHORAGE TED STEVENS INTERNATIONAL AIRPORT, AK US","61.169","-150.0278","36.6","2001-03","2","31","4","29","0","-11.1","483","145.0","10.7","5.6","22.4","376","-1.8","1.3","-4.8","14.8",
"USW00026451","ANCHORAGE TED STEVENS INTERNATIONAL AIRPORT, AK US","61.169","-150.0278","36.6","2001-04","1","12","0","20","0","-11.1","229","15.0","5.8","13.9","8.6","33","3.2","7.3","-1.0","20.1",
"USW00026451","ANCHORAGE TED STEVENS INTERNATIONAL AIRPORT, AK US","61.169","-150.0278","36.6","2001-05","2","3","1","8","0","-4.4","127","127.0","3.3","20.6","8.6","155","7.1","11.6","2.7","16.1",
"USW00026451","ANCHORAGE TED STEVENS INTERNATIONAL AIRPORT, AK US","61.169","-150.0278","36.6","2001-06","1","0","0","0","0","5.6","0","0.0","3.0","23.9","6.1","0","14.5","19.1","9.9","17.0",
"USW00026451","ANCHORAGE TED STEVENS INTERNATIONAL AIRPORT, AK US","61.169","-150.0278","36.6","2001-07","10","0","0","0","0","8.9","0","0.0","38.6","21.1","114.4","0","14.3","17.3","11.3","17.4",
"USW00026451","ANCHORAGE TED STEVENS INTERNATIONAL AIRPORT, AK US","61.169","-150.0278","36.6","2001-08","4","0","0","0","0","7.2","0","0.0","8.6","23.3","24.8","0","14.6","18.4","10.8","17.0",
"USW00026451","ANCHORAGE TED STEVENS INTERNATIONAL AIRPORT, AK US","61.169","-150.0278","36.6","2001-09","5","0","0","0","0","0.6","0","0.0","7.6","16.7","29.2","0","9.6","13.7","5.4","16.5",
"USW00026451","ANCHORAGE TED STEVENS INTERNATIONAL AIRPORT, AK US","61.169","-150.0278","36.6","2001-10","7","15","5","22","0","-16.7","279","216.0","8.4","12.2","40.0","569","-1.1","1.9","-4.0","15.6",
"USW00026451","ANCHORAGE TED STEVENS INTERNATIONAL AIRPORT, AK US","61.169","-150.0278","36.6","2001-11","2","30","2","30","0","-17.8","279","74.0","2.8","3.9","6.7","165","-6.9","-3.8","-10.0","11.6",
"USW00026451","ANCHORAGE TED STEVENS INTERNATIONAL AIRPORT, AK US","61.169","-150.0278","36.6","2001-12","1","31","2","30","0","-26.1","330","109.0","5.1","6.7","8.5","233","-11.8","-8.0","-15.6","17.4",
"USW00026451","ANCHORAGE TED STEVENS INTERNATIONAL AIRPORT, AK US","61.169","-150.0278","36.6","2002-01","3","31","2","31","0","-23.9","356","58.0","6.1","6.7","17.6","181","-4.6","-1.9","-7.3","19.2",
"USW00026451","ANCHORAGE TED STEVENS INTERNATIONAL AIRPORT, AK US","61.169","-150.0278","36.6","2002-02","1","28","4","28","0","-20.6","508","74.0","4.6","4.4","7.4","230","-5.9","-2.6","-9.3","17.9",
"USW00026451","ANCHORAGE TED STEVENS INTERNATIONAL AIRPORT, AK US","61.169","-150.0278","36.6","2002-03","3","31","3","31","0","-17.8","991","559.0","28.7","2.2","40.7","750","-5.6","-1.1","-10.0","13.9",
"USW00026451","ANCHORAGE TED STEVENS INTERNATIONAL AIRPORT, AK US","61.169","-150.0278","36.6","2002-04","1","26","0","24","0","-14.4","635","3.0","3.8","10.6","5.9","3","-0.6","3.7","-5.0","17.0",
"USW00026451","ANCHORAGE TED STEVENS INTERNATIONAL AIRPORT, AK US","61.169","-150.0278","36.6","2002-05","0","0","0","8","0","-2.8","0","18.0","1.5","25.0","3.3","18","9.1","14.2","4.0","16.1",
"USW00026451","ANCHORAGE TED STEVENS INTERNATIONAL AIRPORT, AK US","61.169","-150.0278","36.6","2002-06","4","0","0","0","0","2.8","0","0.0","8.9","23.9","27.2","0","11.9","16.1","7.7","16.1",
"USW00026451","ANCHORAGE TED STEVENS INTERNATIONAL AIRPORT, AK US","61.169","-150.0278","36.6","2002-07","4","0","0","0","0","8.3","0","0.0","13.2","26.1","34.9","0","15.4","19.7","11.1","16.1",
"USW00026451","ANCHORAGE TED STEVENS INTERNATIONAL AIRPORT, AK US","61.169","-150.0278","36.6","2002-08","11","0","0","0","0","6.1","0","0.0","16.0","23.9","81.7","0","13.8","17.6","10.1","14.8",
"USW00026451","ANCHORAGE TED STEVENS INTERNATIONAL AIRPORT, AK US","61.169","-150.0278","36.6","2002-09","9","0","0","1","0","0.0","0","0.0","18.0","18.9","90.9","0","10.1","13.4","6.7","17.0",
"USW00026451","ANCHORAGE TED STEVENS INTERNATIONAL AIRPORT, AK US","61.169","-150.0278","36.6","2002-10","8","0","0","7","0","-3.3","0","0.0","34.3","12.8","102.5","0","5.1","8.0","2.1","17.4",
"USW00026451","ANCHORAGE TED STEVENS INTERNATIONAL AIRPORT, AK US","61.169","-150.0278","36.6","2002-11","0","4","1","19","0","-6.7","25","43.0","1.5","12.2","8.0","54","1.8","4.4","-0.9","20.1",
"USW00026451","ANCHORAGE TED STEVENS INTERNATIONAL AIRPORT, AK US","61.169","-150.0278","36.6","2002-12","7","22","6","29","0","-18.9","330","127.0","11.7","8.3","39.4","599","-4.4","-1.7","-7.1","19.2",
"USW00026451","ANCHORAGE TED STEVENS INTERNATIONAL AIRPORT, AK US","61.169","-150.0278","36.6","2003-01","2","31","2","31","0","-17.8","279","33.0","6.4","5.0","9.9","77","-5.5","-2.8","-8.3","13.9",
"USW00026451","ANCHORAGE TED STEVENS INTERNATIONAL AIRPORT, AK US","61.169","-150.0278","36.6","2003-02","5","10","0","18","0","-10.6","229","5.0","4.8","7.2","22.1","8","-0.4","1.9","-2.7","17.4",
"USW00026451","ANCHORAGE TED STEVENS INTERNATIONAL AIRPORT, AK US","61.169","-150.0278","36.6","2003-03","2","9","2","29","0","-18.3","76","99.0","4.3","7.8","7.1","190","-2.9","1.1","-6.9","31.7",
"USW00026451","ANCHORAGE TED STEVENS INTERNATIONAL AIRPORT, AK US","61.169","-150.0278","36.6","2003-04","0","0","0","15","0","-8.9","0","10.0","2.3","15.0","4.3","10","3.6","8.4","-1.3","13.9",
"USW00026451","ANCHORAGE TED STEVENS INTERNATIONAL AIRPORT, AK US","61.169","-150.0278","36.6","2003-05","2","0","0","0","0","0.6","0","0.0","7.9","20.6","17.3","0","8.9","13.6","4.3","17.0",
"USW00026451","ANCHORAGE TED STEVENS INTERNATIONAL AIRPORT, AK US","61.169","-150.0278","36.6","2003-06","2","0","0","0","0","5.6","0","0.0","8.4","23.9","21.9","0","13.2","17.3","9.2","16.5",
"USW00026451","ANCHORAGE TED STEVENS INTERNATIONAL AIRPORT, AK US","61.169","-150.0278","36.6","2003-07","4","0","0","0","0","8.3","0","0.0","13.2","28.9","31.9","0","16.8","20.8","12.8","17.0",
"USW00026451","ANCHORAGE TED STEVENS INTERNATIONAL AIRPORT, AK US","61.169","-150.0278","36.6","2003-08","7","0","0","0","0","7.2","0","0.0","15.2","26.7","60.0","0","14.4","18.0","10.7","15.6",
"USW00026451","ANCHORAGE TED STEVENS INTERNATIONAL AIRPORT, AK US","61.169","-150.0278","36.6","2003-09","6","0","0","5","0","-2.2","0","0.0","11.9","19.4","49.6","0","9.4","13.8","5.0","16.1",
"USW00026451","ANCHORAGE TED STEVENS INTERNATIONAL AIRPORT, AK US","61.169","-150.0278","36.6","2003-10","6","0","0","14","0","-5.6","0","0.0","33.5","16.7","70.7","0","4.4","7.4","1.5","20.1",
"USW00026451","ANCHORAGE TED STEVENS INTERNATIONAL AIRPORT, AK US","61.169","-150.0278","36.6","2003-11","7","19","8","22","0","-22.2","381","165.0","10.7","8.3","57.1","731","-5.9","-3.1","-8.6","18.3",
"USW00026451","ANCHORAGE TED STEVENS INTERNATIONAL AIRPORT, AK US","61.169","-150.0278","36.6","2003-12","5","31","9","31","0","-25.6","864","185.0","11.7","3.3","47.2","956","-8.5","-5.0","-11.9","14.3",
"USW00026451","ANCHORAGE TED STEVENS INTERNATIONAL AIRPORT, AK US","61.169","-150.0278","36.6","2004-01","2","31","3","31","0","-27.8","635","99.0","7.1","4.4","12.2","238","-12.4","-8.6","-16.2","19.2",
"USW00026451","ANCHORAGE TED STEVENS INTERNATIONAL AIRPORT, AK US","61.169","-150.0278","36.6","2004-02","3","29","2","29","0","-17.2","787","112.0","8.4","7.2","18.1","265","-3.1","0.3","-6.6","17.0",
"USW00026451","ANCHORAGE TED STEVENS INTERNATIONAL AIRPORT, AK US","61.169","-150.0278","36.6","2004-03","2","31","6","31","0","-18.3","787","132.0","7.9","5.0","19.4","566","-4.3","-0.6","-8.0","20.1",
"USW00026451","ANCHORAGE TED STEVENS INTERNATIONAL AIRPORT, AK US","61.169","-150.0278","36.6","2004-04","4","22","2","17","0","-17.2","762","69.0","8.4","15.0","24.8","137","2.9","6.8","-0.9","19.2",
"USW00026451","ANCHORAGE TED STEVENS INTERNATIONAL AIRPORT, AK US","61.169","-150.0278","36.6","2004-05","3","0","0","1","0","-2.8","0","0.0","10.9","19.4","24.7","0","9.9","14.4","5.4","17.9",
"USW00026451","ANCHORAGE TED STEVENS INTERNATIONAL AIRPORT, AK US","61.169","-150.0278","36.6","2004-06","2","0","0","0","0","3.3","0","0.0","11.4","26.1","21.9","0","14.1","18.7","9.6","15.6",
"USW00026451","ANCHORAGE TED STEVENS INTERNATIONAL AIRPORT, AK US","61.169","-150.0278","36.6","2004-07","2","0","0","0","0","8.9","0","0.0","7.1","25.6","17.6","0","16.6","20.7","12.5","15.6",
"USW00026451","ANCHORAGE TED STEVENS INTERNATIONAL AIRPORT, AK US","61.169","-150.0278","36.6","2004-08","4","0","0","0","0","7.8","0","0.0","7.4","27.2","19.5","0","16.2","21.3","11.1","14.8",
"USW00026451","ANCHORAGE TED STEVENS INTERNATIONAL AIRPORT, AK US","61.169","-150.0278","36.6","2004-09","11","2","1","8","0","-2.8","127","152.0","33.0","17.2","193.2","160","7.2","11.4","3.0","14.8",
"USW00026451","ANCHORAGE TED STEVENS INTERNATIONAL AIRPORT, AK US","61.169","-150.0278","36.6","2004-10","5","4","2","10","0","-6.7","51","46.0","6.1","13.3","33.5","87","3.5","6.2","0.7","14.3",
"USW00026451","ANCHORAGE TED STEVENS INTERNATIONAL AIRPORT, AK US","61.169","-150.0278","36.6","2004-11","6","30","5","26","0","-17.8","203","218.0","17.5","8.3","66.9","406","-1.7","0.9","-4.3","20.1",
"USW00026451","ANCHORAGE TED STEVENS INTERNATIONAL AIRPORT, AK US","61.169","-150.0278","36.6","2004-12","7","31","7","31","0","-17.8","229","203.0","7.9","7.2","38.7","546","-5.6","-2.5","-8.7","19.2",
"USW00026451","ANCHORAGE TED STEVENS INTERNATIONAL AIRPORT, AK US","61.169","-150.0278","36.6","2005-01","1","31","1","31","0","-21.7","178","25.0","10.4","6.7","16.1","44","-7.3","-4.3","-10.3","20.1",
"USW00026451","ANCHORAGE TED STEVENS INTERNATIONAL AIRPORT, AK US","61.169","-150.0278","36.6","2005-02","3","28","3","27","0","-22.2","305","183.0","14.0","3.9","29.1","391","-6.4","-3.0","-9.9","14.8",
"USW00026451","ANCHORAGE TED STEVENS INTERNATIONAL AIRPORT, AK US","61.169","-150.0278","36.6","2005-03","5","31","3","27","0","-8.9","203","122.0","8.1","7.8","25.2","271","0.0","3.1","-3.1","17.0",
"USW00026451","ANCHORAGE TED STEVENS INTERNATIONAL AIRPORT, AK US","61.169","-150.0278","36.6","2005-04","0","5","0","19","0","-6.7","76","18.0","1.0","20.6","3.1","28","4.5","9.4","-0.4","22.8",
"USW00026451","ANCHORAGE TED STEVENS INTERNATIONAL AIRPORT, AK US","61.169","-150.0278","36.6","2005-05","1","0","0","0","0","0.6","0","0.0","3.3","21.1","5.0","0","10.3","15.1","5.6","16.1",
"USW00026451","ANCHORAGE TED STEVENS INTERNATIONAL AIRPORT, AK US","61.169","-150.0278","36.6","2005-06","4","0","0","0","0","3.3","0","0.0","7.1","23.9","26.8","0","13.8","18.3","9.4","16.5",
"USW00026451","ANCHORAGE TED STEVENS INTERNATIONAL AIRPORT, AK US","61.169","-150.0278","36.6","2005-07","5","0","0","0","0","10.0","0","0.0","4.3","23.9","24.3","0","16.3","20.0","12.6","14.8",
"USW00026451","ANCHORAGE TED STEVENS INTERNATIONAL AIRPORT, AK US","61.169","-150.0278","36.6","2005-08","8","0","0","0","0","5.6","0","0.0","16.8","25.0","65.0","0","14.5","18.1","10.9","20.1",
"USW00026451","ANCHORAGE TED STEVENS INTERNATIONAL AIRPORT, AK US","61.169","-150.0278","36.6","2005-09","12","0","0","0","0","3.9","0","0.0","25.1","16.7","100.3","0","10.8","13.8","7.8","18.3",
"USW00026451","ANCHORAGE TED STEVENS INTERNATIONAL AIRPORT, AK US","61.169","-150.0278","36.6","2005-10","3","2","1","17","0","-8.9","25","36.0","5.3","11.1","16.5","39","2.6","6.0","-0.9","19.2",
"USW00026451","ANCHORAGE TED STEVENS INTERNATIONAL AIRPORT, AK US","61.169","-150.0278","36.6","2005-11","5","30","4","29","0","-20.6","254","130.0","7.1","5.0","23.8","426","-8.4","-5.2","-11.6","15.6",
"USW00026451","ANCHORAGE TED STEVENS INTERNATIONAL AIRPORT, AK US","61.169","-150.0278","36.6","2005-12","2","31","4","30","0","-18.3","254","122.0","7.1","8.9","22.9","375","-3.7","-1.0","-6.3","17.9",
"USW00026451","ANCHORAGE TED STEVENS INTERNATIONAL AIRPORT, AK US","61.169","-150.0278","36.6","2006-01","2","31","3","31","0","-23.9","381","94.0","3.0","0.0","8.6","271","-11.9","-8.8","-15.0","13.0",
"USW00026451","ANCHORAGE TED STEVENS INTERNATIONAL AIRPORT, AK US","61.169","-150.0278","36.6","2006-02","3","28","2","27","0","-23.3","356","86.0","9.1","6.1","23.3","217","-5.6","-1.9","-9.3","17.9",
"USW00026451","ANCHORAGE TED STEVENS INTERNATIONAL AIRPORT, AK US","61.169","-150.0278","36.6","2006-03","2","31","3","31","0","-18.3","432","165.0","9.9","6.7","16.0","313","-4.6","-1.0","-8.3","19.7",
"USW00026451","ANCHORAGE TED STEVENS INTERNATIONAL AIRPORT, AK US","61.169","-150.0278","36.6","2006-04","1","17","2","27","0","-7.2","279","51.0","2.8","10.6","12.0","131","2.1","5.9","-1.7","16.5",
"USW00026451","ANCHORAGE TED STEVENS INTERNATIONAL AIRPORT, AK US","61.169","-150.0278","36.6","2006-05","2","0","0","3","0","-2.2","0","8.0","5.6","24.4","10.3","8","9.2","13.9","4.6","16.5",
"USW00026451","ANCHORAGE TED STEVENS INTERNATIONAL AIRPORT, AK US","61.169","-150.0278","36.6","2006-06","5","0","0","0","0","4.4","0","0.0","13.7","20.0","34.3","0","12.4","16.3","8.6","16.1",
"USW00026451","ANCHORAGE TED STEVENS INTERNATIONAL AIRPORT, AK US","61.169","-150.0278","36.6","2006-07","3","0","0","0","0","7.8","0","0.0","9.1","22.8","26.5","0","14.5","18.2","10.9","15.6",
"USW00026451","ANCHORAGE TED STEVENS INTERNATIONAL AIRPORT, AK US","61.169","-150.0278","36.6","2006-08","13","0","0","0","0","6.7","0","0.0","20.6","22.2","143.4","0","12.7","15.6","9.8","17.9",
"USW00026451","ANCHORAGE TED STEVENS INTERNATIONAL AIRPORT, AK US","61.169","-150.0278","36.6","2006-09","8","0","0","1","0","0.0","0","0.0","15.5","17.8","79.9","0","9.7","13.3","6.2","15.6",
"USW00026451","ANCHORAGE TED STEVENS INTERNATIONAL AIRPORT, AK US","61.169","-150.0278","36.6","2006-10","7","4","3","14","0","-8.3","127","155.0","13.5","17.8","42.0","222","3.9","6.7","1.0","21.0",
"USW00026451","ANCHORAGE TED STEVENS INTERNATIONAL AIRPORT, AK US","61.169","-150.0278","36.6","2006-11","0","30","0","30","0","-22.8","127","13.0","0.5","0.0","1.0","26","-11.4","-7.3","-15.5","18.3",
"USW00026451","ANCHORAGE TED STEVENS INTERNATIONAL AIRPORT, AK US","61.169","-150.0278","36.6","2006-12","7","31","7","31","0","-18.9","584","254.0","8.4","7.2","53.1","937","-5.8","-2.4","-9.2","16.1",
"USW00026451","ANCHORAGE TED STEVENS INTERNATIONAL AIRPORT, AK US","61.169","-150.0278","36.6","2007-01","3","31","7","31","0","-27.2","635","284.0","11.4","6.7","27.5","747","-8.5","-5.0","-12.0","21.0",
"USW00026451","ANCHORAGE TED STEVENS INTERNATIONAL AIRPORT, AK US","61.169","-150.0278","36.6","2007-02","0","28","1","28","0","-22.2","483","86.0","1.3","8.3","3.2","111","-8.2","-4.7","-11.7","18.3",
"USW00026451","ANCHORAGE TED STEVENS INTERNATIONAL AIRPORT, AK US","61.169","-150.0278","36.6","2007-03","1","31","2","31","0","-19.4","457","58.0","3.3","2.8","5.1","101","-9.8","-5.4","-14.3","24.1",
"USW00026451","ANCHORAGE TED STEVENS INTERNATIONAL AIRPORT, AK US","61.169","-150.0278","36.6","2007-04","0","13","0","19","0","-8.9","406","0.0","2.3","12.8","2.3","0","3.5","7.8","-0.7","17.9",
"USW00026451","ANCHORAGE TED STEVENS INTERNATIONAL AIRPORT, AK US","61.169","-150.0278","36.6","2007-05","2","0","0","0","0","0.6","0","0.0","5.8","16.7","15.8","0","8.5","12.4","4.6","17.9",
"USW00026451","ANCHORAGE TED STEVENS INTERNATIONAL AIRPORT, AK US","61.169","-150.0278","36.6","2007-06","2","0","0","0","0","3.9","0","0.0","22.6","25.0","27.7","0","12.5","16.7","8.2","20.6",
"USW00026451","ANCHORAGE TED STEVENS INTERNATIONAL AIRPORT, AK US","61.169","-150.0278","36.6","2007-07","6","0","0","0","0","8.9","0","0.0","9.1","23.3","37.2","0","14.6","17.9","11.2","17.4",
"USW00026451","ANCHORAGE TED STEVENS INTERNATIONAL AIRPORT, AK US","61.169","-150.0278","36.6","2007-08","6","0","0","0","0","7.2","0","0.0","9.9","23.9","41.3","0","14.6","18.6","10.6","17.4",
"USW00026451","ANCHORAGE TED STEVENS INTERNATIONAL AIRPORT, AK US","61.169","-150.0278","36.6","2007-09","10","0","0","0","0","1.7","0","0.0","21.1","17.2","99.5","0","10.3","13.6","6.9","17.0",
"USW00026451","ANCHORAGE TED STEVENS INTERNATIONAL AIRPORT, AK US","61.169","-150.0278","36.6","2007-10","6","2","1","22","0","-6.1","51","51.0","8.6","11.1","44.9","79","2.0","4.8","-0.9","14.8",
"USW00026451","ANCHORAGE TED STEVENS INTERNATIONAL AIRPORT, AK US","61.169","-150.0278","36.6","2007-11","4","13","4","25","0","-8.9","229","168.0","8.9","7.8","27.4","376","-0.7","2.0","-3.4","19.2",
"USW00026451","ANCHORAGE TED STEVENS INTERNATIONAL AIRPORT, AK US","61.169","-150.0278","36.6","2007-12","3","21","3","31","0","-22.8","152","152.0","5.1","6.7","14.9","351","-7.0","-4.1","-9.9","21.5",
"USW00026451","ANCHORAGE TED STEVENS INTERNATIONAL AIRPORT, AK US","61.169","-150.0278","36.6","2008-01","5","31","9","30","0","-23.3","356","132.0","5.3","6.1","30.2","692","-10.4","-7.2","-13.4","21.5",
"USW00026451","ANCHORAGE TED STEVENS INTERNATIONAL AIRPORT, AK US","61.169","-150.0278","36.6","2008-02","3","29","4","29","0","-26.1","508","183.0","5.8","6.7","21.7","442","-8.5","-4.5","-12.4","21.0",
"USW00026451","ANCHORAGE TED STEVENS INTERNATIONAL AIRPORT, AK US","61.169","-150.0278","36.6","2008-03","2","31","1","25","0","-10.6","305","30.0","5.6","6.7","13.0","50","-1.0","2.3","-4.2","17.9",
"USW00026451","ANCHORAGE TED STEVENS INTERNATIONAL AIRPORT, AK US","61.169","-150.0278","36.6","2008-04","5","23","6","22","0","-9.4","406","394.0","24.6","12.2","46.4","783","0.8","4.7","-3.1","17.4",
"USW00026451","ANCHORAGE TED STEVENS INTERNATIONAL AIRPORT, AK US","61.169","-150.0278","36.6","2008-05","1","0","0","4","0","-0.6","0","0.0","7.1","16.7","9.1","0","7.7","12.0","3.3","19.2",
"USW00026451","ANCHORAGE TED STEVENS INTERNATIONAL AIRPORT, AK US","61.169","-150.0278","36.6","2008-06","2","0","0","0","0","3.3","0","0.0","6.1","17.2","15.1","0","10.9","14.2","7.6","17.0",
"USW00026451","ANCHORAGE TED STEVENS INTERNATIONAL AIRPORT, AK US","61.169","-150.0278","36.6","2008-07","7","0","0","0","0","4.4","0","0.0","24.1","21.7","82.7","0","13.2","16.3","10.2","17.0",
"USW00026451","ANCHORAGE TED STEVENS INTERNATIONAL AIRPORT, AK US","61.169","-150.0278","36.6","2008-08","3","0","0","0","0","5.6","0","0.0","8.9","18.9","23.8","0","13.1","16.5","9.7","14.8",
"USW00026451","ANCHORAGE TED STEVENS INTERNATIONAL AIRPORT, AK US","61.169","-150.0278","36.6","2008-09","12","0","0","3","0","-1.7","0","0.0","26.4","16.1","81.3","0","9.1","12.2","6.1","16.1",
"USW00026451","ANCHORAGE TED STEVENS INTERNATIONAL AIRPORT, AK US","61.169","-150.0278","36.6","2008-10","7","23","6","27","0","-13.3","152","102.0","11.4","10.6","42.9","333","-1.5","1.6","-4.6","17.0",
"USW00026451","ANCHORAGE TED STEVENS INTERNATIONAL AIRPORT, AK US","61.169","-150.0278","36.6","2008-11","4","30","9","30","0","-15.0","305","117.0","6.1","1.7","21.0","553","-6.0","-3.2","-8.9","17.9",
"USW00026451","ANCHORAGE TED STEVENS INTERNATIONAL AIRPORT, AK US","61.169","-150.0278","36.6","2008-12","3","31","4","31","0","-26.1","508","147.0","5.8","1.1","23.5","452","-9.9","-6.9","-12.9","16.5",
"USW00026451","ANCHORAGE TED STEVENS INTERNATIONAL AIRPORT, AK US","61.169","-150.0278","36.6","2009-01","3","31","3","27","0","-31.1","432","112.0","5.8","7.2","22.6","275","-10.6","-7.2","-14.0","24.1",
"USW00026451","ANCHORAGE TED STEVENS INTERNATIONAL AIRPORT, AK US","61.169","-150.0278","36.6","2009-02","1","28","3","28","0","-23.3","406","193.0","5.1","2.8","11.9","347","-8.1","-4.5","-11.6","17.9",
"USW00026451","ANCHORAGE TED STEVENS INTERNATIONAL AIRPORT, AK US","61.169","-150.0278","36.6","2009-03","3","31","6","31","0","-19.4","483","112.0","10.4","3.9","25.0","377","-5.7","-1.9","-9.4","15.6",
"USW00026451","ANCHORAGE TED STEVENS INTERNATIONAL AIRPORT, AK US","61.169","-150.0278","36.6","2009-04","0","13","0","23","0","-11.7","356","18.0","1.3","16.1","2.8","41","1.8","6.0","-2.3","16.5",
"USW00026451","ANCHORAGE TED STEVENS INTERNATIONAL AIRPORT, AK US","61.169","-150.0278","36.6","2009-05","2","0","0","1","0","0.0","0","0.0","8.9","20.0","15.2","0","9.1","14.5","3.8","16.5",
"USW00026451","ANCHORAGE TED STEVENS INTERNATIONAL AIRPORT, AK US","61.169","-150.0278","36.6","2009-06","1","0","0","0","0","4.4","0","0.0","7.6","23.3","14.7","0","12.3","16.7","7.9","16.5",
"USW00026451","ANCHORAGE TED STEVENS INTERNATIONAL AIRPORT, AK US","61.169","-150.0278","36.6","2009-07","5","0","0","0","0","7.8","0","0.0","8.4","26.1","30.9","0","15.2","19.2","11.2","18.3",
"USW00026451","ANCHORAGE TED STEVENS INTERNATIONAL AIRPORT, AK US","61.169","-150.0278","36.6","2009-08","8","0","0","0","0","6.7","0","0.0","14.5","22.8","65.3","0","13.4","17.4","9.6","16.1",
"USW00026451","ANCHORAGE TED STEVENS INTERNATIONAL AIRPORT, AK US","61.169","-150.0278","36.6","2009-09","3","0","0","4","0","-1.1","0","0.0","10.2","18.3","29.9","0","9.4","13.1","5.8","17.0",
"USW00026451","ANCHORAGE TED STEVENS INTERNATIONAL AIRPORT, AK US","61.169","-150.0278","36.6","2009-10","9","0","0","10","0","-5.6","0","0.0","9.1","13.9","53.9","0","4.8","7.6","2.1",,
"USW00026451","ANCHORAGE TED STEVENS INTERNATIONAL AIRPORT, AK US","61.169","-150.0278","36.6","2009-11","3","23","5","29","0","-22.2","305","119.0","10.4","6.1","28.8","358","-6.4","-2.9","-9.8",,
"USW00026451","ANCHORAGE TED STEVENS INTERNATIONAL AIRPORT, AK US","61.169","-150.0278","36.6","2009-12","3","31","5","31","0","-20.0","356","112.0","7.6","4.4","18.0","290","-6.5","-3.9","-9.2",,
"USW00026451","ANCHORAGE TED STEVENS INTERNATIONAL AIRPORT, AK US","61.169","-150.0278","36.6","2010-01","3","31","3","31","0","-18.9","457","89.0","5.8","1.1","17.2","277","-7.5","-4.6","-10.5",,
"USW00026451","ANCHORAGE TED STEVENS INTERNATIONAL AIRPORT, AK US","61.169","-150.0278","36.6","2010-02","4","28","4","26","0","-17.8","533","188.0","10.4","6.1","22.0","397","-3.6","-0.9","-6.3",,
"USW00026451","ANCHORAGE TED STEVENS INTERNATIONAL AIRPORT, AK US","61.169","-150.0278","36.6","2010-03","2","31","4","31","0","-20.6","559","79.0","7.1","6.1","13.1","215","-2.8","1.3","-6.8",,
"USW00026451","ANCHORAGE TED STEVENS INTERNATIONAL AIRPORT, AK US","61.169","-150.0278","36.6","2010-04","4","21","3","20","0","-6.1","330","229.0","12.2","16.1","28.8","359","2.7","6.3","-1.0",,
"USW00026451","ANCHORAGE TED STEVENS INTERNATIONAL AIRPORT, AK US","61.169","-150.0278","36.6","2010-05","0","0","0","1","0","0.0","0","0.0","1.5","24.4","2.0","0","9.1","14.3","3.9","19.2",
"USW00026451","ANCHORAGE TED STEVENS INTERNATIONAL AIRPORT, AK US","61.169","-150.0278","36.6","2010-06","4","0","0","0","0","5.6","0","0.0","9.1","20.6","27.9","0","12.4","15.8","9.0",,
"USW00026451","ANCHORAGE TED STEVENS INTERNATIONAL AIRPORT, AK US","61.169","-150.0278","36.6","2010-07","6","0","0","0","0","7.8","0","0.0","19.8","22.8","79.9","0","13.6","16.6","10.7",,
"USW00026451","ANCHORAGE TED STEVENS INTERNATIONAL AIRPORT, AK US","61.169","-150.0278","36.6","2010-08","6","0","0","0","0","7.2","0","0.0","26.7","20.0","77.1","0","13.7","16.9","10.5",,
"USW00026451","ANCHORAGE TED STEVENS INTERNATIONAL AIRPORT, AK US","61.169","-150.0278","36.6","2010-09","4","0","0","2","0","-3.9","0","0.0","8.6","19.4","26.2","0","9.8","13.4","6.2",,
"USW00026451","ANCHORAGE TED STEVENS INTERNATIONAL AIRPORT, AK US","61.169","-150.0278","36.6","2010-10","1","0","0","18","0","-6.1","0","0.0","3.8","12.2","11.0","0","3.4","6.7","0.1",,
"USW00026451","ANCHORAGE TED STEVENS INTERNATIONAL AIRPORT, AK US","61.169","-150.0278","36.6","2010-11","5","28","6","28","0","-15.6","254","170.0","15.5","6.7","67.7","511","-3.4","-0.7","-6.0",,
"USW00026451","ANCHORAGE TED STEVENS INTERNATIONAL AIRPORT, AK US","61.169","-150.0278","36.6","2010-12","5","31","6","31","0","-22.2","305","109.0","4.1","4.4","22.2","396","-11.6","-7.6","-15.5",,
"USW00026451","ANCHORAGE TED STEVENS INTERNATIONAL AIRPORT, AK US","61.169","-150.0278","36.6","2011-01","2","31","4","29","0","-24.4","356","69.0","5.1","7.8","13.3","186","-7.4","-4.0","-10.7",,
"USW00026451","ANCHORAGE TED STEVENS INTERNATIONAL AIRPORT, AK US","61.169","-150.0278","36.6","2011-02","1","28","2","28","0","-20.0","432","127.0","12.2","2.8","18.6","216","-8.2","-4.5","-12.0",,
"USW00026451","ANCHORAGE TED STEVENS INTERNATIONAL AIRPORT, AK US","61.169","-150.0278","36.6","2011-03","1","31","1","31","0","-17.2","381","122.0","7.4","8.9","11.5","148","-3.9","0.7","-8.4",,
"USW00026451","ANCHORAGE TED STEVENS INTERNATIONAL AIRPORT, AK US","61.169","-150.0278","36.6","2011-04","2","12","2","20","0","-5.6","279","71.0","5.8","10.6","9.4","117","3.1","7.2","-1.0",,
"USW00026451","ANCHORAGE TED STEVENS INTERNATIONAL AIRPORT, AK US","61.169","-150.0278","36.6","2011-05","1","0","0","2","0","-1.7","0","0.0","5.6","20.6","9.0","0","8.9","13.4","4.4","19.2",
"USW00026451","ANCHORAGE TED STEVENS INTERNATIONAL AIRPORT, AK US","61.169","-150.0278","36.6","2011-06","3","0","0","0","0","5.6","0","0.0","11.2","20.0","30.3","0","12.4","16.0","8.8",,
"USW00026451","ANCHORAGE TED STEVENS INTERNATIONAL AIRPORT, AK US","61.169","-150.0278","36.6","2011-07","6","0","0","0","0","8.3","0","0.0","13.5","22.2","49.0","0","14.4","18.2","10.6",,
"USW00026451","ANCHORAGE TED STEVENS INTERNATIONAL AIRPORT, AK US","61.169","-150.0278","36.6","2011-08","14","0","0","0","0","6.1","0","0.0","14.0","19.4","100.0","0","13.1","16.2","9.9",,
"USW00026451","ANCHORAGE TED STEVENS INTERNATIONAL AIRPORT, AK US","61.169","-150.0278","36.6","2011-09","2","0","0","1","0","0.0","0","0.0","4.1","18.3","16.2","0","9.8","13.1","6.5",,
"USW00026451","ANCHORAGE TED STEVENS INTERNATIONAL AIRPORT, AK US","61.169","-150.0278","36.6","2011-10","7","2","2","15","0","-9.4","76","58.0","6.9","10.6","37.6","86","3.2","6.1","0.2",,
"USW00026451","ANCHORAGE TED STEVENS INTERNATIONAL AIRPORT, AK US","61.169","-150.0278","36.6","2011-11","8","30","12","30","0","-22.8","406","155.0","12.4","1.1","55.3","824","-9.5","-6.4","-12.7",,
"USW00026451","ANCHORAGE TED STEVENS INTERNATIONAL AIRPORT, AK US","61.169","-150.0278","36.6","2011-12","8","31","9","29","0","-18.3","584","173.0","13.5","7.2","67.9","791","-4.6","-1.3","-7.9",,
"USW00026451","ANCHORAGE TED STEVENS INTERNATIONAL AIRPORT, AK US","61.169","-150.0278","36.6","2012-01","4","31","5","31","0","-26.1","762","196.0","7.6","3.9","29.8","640","-16.2","-12.0","-20.3",,
"USW00026451","ANCHORAGE TED STEVENS INTERNATIONAL AIRPORT, AK US","61.169","-150.0278","36.6","2012-02","5","29","6","29","0","-14.4","914","231.0","13.5","5.6","40.6","707","-3.7","-0.5","-6.9",,
"USW00026451","ANCHORAGE TED STEVENS INTERNATIONAL AIRPORT, AK US","61.169","-150.0278","36.6","2012-03","3","31","4","30","0","-17.8","914","84.0","5.6","7.8","15.1","242","-6.2","-1.7","-10.6",,
"USW00026451","ANCHORAGE TED STEVENS INTERNATIONAL AIRPORT, AK US","61.169","-150.0278","36.6","2012-04","2","24","1","21","0","-5.6","635","109.0","7.1","15.0","12.7","129","3.7","8.3","-0.9",,
"USW00026451","ANCHORAGE TED STEVENS INTERNATIONAL AIRPORT, AK US","61.169","-150.0278","36.6","2012-05","2","0","0","4","0","-2.2","0","0.0","5.3","17.2","10.9","0","7.7","11.5","3.9",,
"USW00026451","ANCHORAGE TED STEVENS INTERNATIONAL AIRPORT, AK US","61.169","-150.0278","36.6","2012-06","6","0","0","0","0","5.0","0","0.0","11.2","22.8","35.0","0","12.7","16.5","8.9",,
"USW00026451","ANCHORAGE TED STEVENS INTERNATIONAL AIRPORT, AK US","61.169","-150.0278","36.6","2012-07","9","0","0","0","0","7.8","0","0.0","13.5","22.2","54.3","0","13.5","16.7","10.2",,
"USW00026451","ANCHORAGE TED STEVENS INTERNATIONAL AIRPORT, AK US","61.169","-150.0278","36.6","2012-08","8","0","0","0","0","5.6","0","0.0","9.7","21.7","46.3","0","13.8","17.4","10.1",,
"USW00026451","ANCHORAGE TED STEVENS INTERNATIONAL AIRPORT, AK US","61.169","-150.0278","36.6","2012-09","13","0","0","2","0","-1.1","0","5.0","35.8","17.8","155.5","5","9.4","12.5","6.3",,
"USW00026451","ANCHORAGE TED STEVENS INTERNATIONAL AIRPORT, AK US","61.169","-150.0278","36.6","2012-10","4","1","1","22","0","-11.1","25","38.0","25.4","15.0","66.9","81","1.3","4.9","-2.3",,
"USW00026451","ANCHORAGE TED STEVENS INTERNATIONAL AIRPORT, AK US","61.169","-150.0278","36.6","2012-11","1","19","2","30","0","-17.2","51","36.0","2.5","1.7","5.8","84","-7.5","-4.1","-10.8",,
"USW00026451","ANCHORAGE TED STEVENS INTERNATIONAL AIRPORT, AK US","61.169","-150.0278","36.6","2012-12","3","31","5","31","0","-24.4","381","218.0","24.1","7.2","41.9","462","-9.1","-5.5","-12.7",,
"USW00026451","ANCHORAGE TED STEVENS INTERNATIONAL AIRPORT, AK US","61.169","-150.0278","36.6","2013-01","4","31","6","29","0","-22.8","330","132.0","10.2","6.7","28.0","373","-4.8","-2.1","-7.5",,
"USW00026451","ANCHORAGE TED STEVENS INTERNATIONAL AIRPORT, AK US","61.169","-150.0278","36.6","2013-02","3","28","6","28","0","-15.0","483","79.0","5.6","5.0","28.7","420","-3.4","-0.6","-6.1",,
"USW00026451","ANCHORAGE TED STEVENS INTERNATIONAL AIRPORT, AK US","61.169","-150.0278","36.6","2013-03","3","31","4","30","0","-17.8","686","185.0","15.0","6.7","33.5","523","-4.1","-0.1","-8.0",,
"USW00026451","ANCHORAGE TED STEVENS INTERNATIONAL AIRPORT, AK US","61.169","-150.0278","36.6","2013-04","3","30","5","29","0","-13.3","584","157.0","7.1","10.6","19.8","405","-1.5","2.7","-5.7",,
"USW00026451","ANCHORAGE TED STEVENS INTERNATIONAL AIRPORT, AK US","61.169","-150.0278","36.6","2013-05","5","3","0","9","0","-2.2","51","23.0","13.2","24.4","35.6","34","7.4","12.0","2.8",,
"USW00026451","ANCHORAGE TED STEVENS INTERNATIONAL AIRPORT, AK US","61.169","-150.0278","36.6","2013-06","1","0","0","0","0","5.6","0","0.0","9.7","27.8","9.7","0","15.2","20.3","10.1",,
"USW00026451","ANCHORAGE TED STEVENS INTERNATIONAL AIRPORT, AK US","61.169","-150.0278","36.6","2013-07","2","0","0","0","0","10.0","0","0.0","12.4","26.1","26.1","0","16.8","20.8","12.8",,
"USW00026451","ANCHORAGE TED STEVENS INTERNATIONAL AIRPORT, AK US","61.169","-150.0278","36.6","2013-08","12","0","0","0","0","5.6","0","0.0","27.4","22.2","127.9","0","14.7","17.7","11.8","19.7",
"USW00026451","ANCHORAGE TED STEVENS INTERNATIONAL AIRPORT, AK US","61.169","-150.0278","36.6","2013-09","11","0","0","4","0","-2.2","0","0.0","29.0","17.8","141.4","0","9.6","12.9","6.3","20.1",
"USW00026451","ANCHORAGE TED STEVENS INTERNATIONAL AIRPORT, AK US","61.169","-150.0278","36.6","2013-10","7","0","0","5","0","-2.8","0","0.0","23.9","13.9","80.0","0","6.6","9.7","3.6","21.0",
"USW00026451","ANCHORAGE TED STEVENS INTERNATIONAL AIRPORT, AK US","61.169","-150.0278","36.6","2013-11","4","21","3","25","0","-22.2","203","185.0","27.9","6.7","42.6","283","-4.9","-1.8","-8.0","17.9",
"USW00026451","ANCHORAGE TED STEVENS INTERNATIONAL AIRPORT, AK US","61.169","-150.0278","36.6","2013-12","5","31","6","31","0","-23.9","483","216.0","9.7","1.1","36.6","588","-9.0","-6.1","-12.0","13.4",
"USW00026451","ANCHORAGE TED STEVENS INTERNATIONAL AIRPORT, AK US","61.169","-150.0278","36.6","2014-01","5","31","3","27","0","-12.2","508","91.0","12.7","10.0","38.6","234","-1.0","1.8","-3.7","19.2",
"USW00026451","ANCHORAGE TED STEVENS INTERNATIONAL AIRPORT, AK US","61.169","-150.0278","36.6","2014-02","2","28","2","28","0","-17.8","330","119.0","4.1","9.4","11.2","252","-7.1","-3.6","-10.5","21.5",
"USW00026451","ANCHORAGE TED STEVENS INTERNATIONAL AIRPORT, AK US","61.169","-150.0278","36.6","2014-03","2","31","3","31","0","-15.0","305","145.0","10.4","6.7","20.2","278","-2.5","2.2","-7.1","20.1",
"USW00026451","ANCHORAGE TED STEVENS INTERNATIONAL AIRPORT, AK US","61.169","-150.0278","36.6","2014-04","0","13","0","19","0","-8.3","152","5.0","2.0","14.4","2.0","10","3.6","8.3","-1.1","17.4",
"USW00026451","ANCHORAGE TED STEVENS INTERNATIONAL AIRPORT, AK US","61.169","-150.0278","36.6","2014-05","2","0","0","0","0","1.1","0","0.0","5.1","22.2","11.7","0","11.4","16.7","6.1","20.6",
"USW00026451","ANCHORAGE TED STEVENS INTERNATIONAL AIRPORT, AK US","61.169","-150.0278","36.6","2014-06","7","0","0","0","0","4.4","0","0.0","17.3","22.2","81.6","0","12.6","16.5","8.8","18.3",
"USW00026451","ANCHORAGE TED STEVENS INTERNATIONAL AIRPORT, AK US","61.169","-150.0278","36.6","2014-07","6","0","0","0","0","8.9","0","0.0","29.2","24.4","75.9","0","15.9","19.8","12.1","17.4",
"USW00026451","ANCHORAGE TED STEVENS INTERNATIONAL AIRPORT, AK US","61.169","-150.0278","36.6","2014-08","8","0","0","0","0","5.6","0","0.0","13.7","21.7","64.2","0","14.7","18.0","11.4","17.0",
"USW00026451","ANCHORAGE TED STEVENS INTERNATIONAL AIRPORT, AK US","61.169","-150.0278","36.6","2014-09","9","0","0","3","0","0.0","0","0.0","17.5","18.9","101.9","0","10.2","13.9","6.5","16.5",
"USW00026451","ANCHORAGE TED STEVENS INTERNATIONAL AIRPORT, AK US","61.169","-150.0278","36.6","2014-10","3","12","1","20","0","-8.8","80","81.0","14.2","10.6","30.5","96","1.5","4.8","-1.7","13.0",
"USW00026451","ANCHORAGE TED STEVENS INTERNATIONAL AIRPORT, AK US","61.169","-150.0278","36.6","2014-11","2","11","1","27","0","-9.9","50","53.0","4.8","8.9","10.0","56","-0.4","2.4","-3.2","17.9",
"USW00026451","ANCHORAGE TED STEVENS INTERNATIONAL AIRPORT, AK US","61.169","-150.0278","36.6","2014-12","3","31","3","30","0","-10.5","180","56.0","4.6","6.1","17.5","191","-2.3","0.2","-4.8","17.0",
"USW00026451","ANCHORAGE TED STEVENS INTERNATIONAL AIRPORT, AK US","61.169","-150.0278","36.6","2015-01","2","31","2","30","0","-20.5","230","64.0","3.8","7.8","8.9","152","-6.4","-3.3","-9.5","13.4",
"USW00026451","ANCHORAGE TED STEVENS INTERNATIONAL AIRPORT, AK US","61.169","-150.0278","36.6","2015-02","3","28","0","24","0","-17.7","180","23.0","10.2","8.3","18.4","28","-3.8","-0.7","-6.9","25.0",
"USW00026451","ANCHORAGE TED STEVENS INTERNATIONAL AIRPORT, AK US","61.169","-150.0278","36.6","2015-03","2","5","0","30","0","-18.8","30","5.0","13.0","9.4","19.8","5","-1.2","2.8","-5.3","17.4",
"USW00026451","ANCHORAGE TED STEVENS INTERNATIONAL AIRPORT, AK US","61.169","-150.0278","36.6","2015-04","3","1","2","13","0","-3.8","50","56.0","5.1","14.4","18.0","112","4.8","8.8","0.9","19.7",
"USW00026451","ANCHORAGE TED STEVENS INTERNATIONAL AIRPORT, AK US","61.169","-150.0278","36.6","2015-05","2","0","0","0","0","0.6","0","0.0","7.4","22.2","14.0","0","10.1","14.9","5.3","20.1",
"USW00026451","ANCHORAGE TED STEVENS INTERNATIONAL AIRPORT, AK US","61.169","-150.0278","36.6","2015-06","2","0","0","0","0","7.8","0","0.0","10.2","28.3","23.8","0","15.3","19.5","11.1","17.0",
"USW00026451","ANCHORAGE TED STEVENS INTERNATIONAL AIRPORT, AK US","61.169","-150.0278","36.6","2015-07","7","0","0","0","0","10.0","0","0.0","17.0","27.2","60.1","0","16.8","20.8","12.7","18.3",
"USW00026451","ANCHORAGE TED STEVENS INTERNATIONAL AIRPORT, AK US","61.169","-150.0278","36.6","2015-08","5","0","0","0","0","4.4","0","0.0","7.9","26.1","24.9","0","15.0","19.6","10.3","19.7",
"USW00026451","ANCHORAGE TED STEVENS INTERNATIONAL AIRPORT, AK US","61.169","-150.0278","36.6","2015-09","13","1","1","5","0","-2.1","30","64.0","39.6","17.2","195.7","72","8.0","11.4","4.6","17.0",
"USW00026451","ANCHORAGE TED STEVENS INTERNATIONAL AIRPORT, AK US","61.169","-150.0278","36.6","2015-10","7","2","1","8","0","-7.1","80","79.0","9.1","11.7","49.8","79","4.7","7.5","1.9","15.7",
"USW00026451","ANCHORAGE TED STEVENS INTERNATIONAL AIRPORT, AK US","61.169","-150.0278","36.6","2015-11","6","26","5","27","0","-22.1","300","122.0","9.9","7.2","43.1","351","-4.5","-1.4","-7.6","19.7",
"USW00026451","ANCHORAGE TED STEVENS INTERNATIONAL AIRPORT, AK US","61.169","-150.0278","36.6","2015-12","0","25","0","30","0","-15.5","50","15.0","1.3","7.8","6.0","67","-5.8","-3.1","-8.5","21.5",
"USW00026451","ANCHORAGE TED STEVENS INTERNATIONAL AIRPORT, AK US","61.169","-150.0278","36.6","2016-01","2","19","2","30","0","-12.1","100","56.0","3.0","5.0","7.1","89","-2.7","0.0","-5.3","19.2",
"USW00026451","ANCHORAGE TED STEVENS INTERNATIONAL AIRPORT, AK US","61.169","-150.0278","36.6","2016-02","1","24","1","29","0","-9.9","50","46.0","5.8","7.8","8.1","46","-1.1","2.0","-4.2","20.1",
"USW00026451","ANCHORAGE TED STEVENS INTERNATIONAL AIRPORT, AK US","61.169","-150.0278","36.6","2016-03","5","8","3","26","0","-8.8","180","163.0","8.9","11.7","31.2","272","0.9","4.8","-3.1","17.4",
"USW00026451","ANCHORAGE TED STEVENS INTERNATIONAL AIRPORT, AK US","61.169","-150.0278","36.6","2016-04","0","0","0","8","0","-1.6","0","0.0","0.5","14.4","0.5","0","6.4","10.9","1.9","17.9",
"USW00026451","ANCHORAGE TED STEVENS INTERNATIONAL AIRPORT, AK US","61.169","-150.0278","36.6","2016-05","0","0","0","0","0","1.1","0","0.0","2.3","22.2","8.5","0","11.1","15.5","6.7","18.3",
"USW00026451","ANCHORAGE TED STEVENS INTERNATIONAL AIRPORT, AK US","61.169","-150.0278","36.6","2016-06","3","0","0","0","0","5.6","0","0.0","26.2","28.3","43.7","0","15.1","19.4","10.7","20.6",
"USW00026451","ANCHORAGE TED STEVENS INTERNATIONAL AIRPORT, AK US","61.169","-150.0278","36.6","2016-07","8","0","0","0","0","10.6","0","0.0","20.6","26.1","63.0","0","17.1","20.6","13.5","16.1",
"USW00026451","ANCHORAGE TED STEVENS INTERNATIONAL AIRPORT, AK US","61.169","-150.0278","36.6","2016-08","13","0","0","0","0","6.7","0","0.0","26.9","25.0","138.5","0","15.8","19.3","12.4","17.9",
"USW00026451","ANCHORAGE TED STEVENS INTERNATIONAL AIRPORT, AK US","61.169","-150.0278","36.6","2016-09","8","0","0","1","0","0.0","0","0.0","16.8","21.7","59.7","0","10.9","14.7","7.1","21.0",
"USW00026451","ANCHORAGE TED STEVENS INTERNATIONAL AIRPORT, AK US","61.169","-150.0278","36.6","2016-10","4","10","1","25","0","-9.3","80","61.0","4.1","12.2","15.0","66","2.2","6.3","-1.9","18.3",
"USW00026451","ANCHORAGE TED STEVENS INTERNATIONAL AIRPORT, AK US","61.169","-150.0278","36.6","2016-11","0","2","0","30","0","-17.1","30","20.0","1.8","8.3","6.5","33","-3.2","-0.3","-6.1","17.4",
"USW00026451","ANCHORAGE TED STEVENS INTERNATIONAL AIRPORT, AK US","61.169","-150.0278","36.6","2016-12","5","31","5","31","0","-22.1","250","196.0","11.7","2.8","37.4","430","-8.8","-5.5","-12.1","14.3",
"USW00026451","ANCHORAGE TED STEVENS INTERNATIONAL AIRPORT, AK US","61.169","-150.0278","36.6","2017-01","6","31","6","31","0","-26.0","690","262.0","8.9","6.1","43.4","807","-10.1","-6.5","-13.7","19.2",
"USW00026451","ANCHORAGE TED STEVENS INTERNATIONAL AIRPORT, AK US","61.169","-150.0278","36.6","2017-02","4","28","7","28","0","-22.1","660","86.0","4.6","6.1","25.2","498","-7.3","-4.1","-10.4","17.0",
"USW00026451","ANCHORAGE TED STEVENS INTERNATIONAL AIRPORT, AK US","61.169","-150.0278","36.6","2017-03","2","31","2","31","0","-22.1","710","213.0","14.0","1.7","17.0","261","-7.0","-2.3","-11.8","18.8",
"USW00026451","ANCHORAGE TED STEVENS INTERNATIONAL AIRPORT, AK US","61.169","-150.0278","36.6","2017-04","2","17","0","18","0","-3.2","610","0.0","5.6","13.3","10.2","0","4.6","9.4","-0.1","15.2",
"USW00026451","ANCHORAGE TED STEVENS INTERNATIONAL AIRPORT, AK US","61.169","-150.0278","36.6","2017-05","4","0","0","1","0","0.0","0","0.0","7.4","21.1","27.0","0","8.8","13.0","4.6","21.0",
"USW00026451","ANCHORAGE TED STEVENS INTERNATIONAL AIRPORT, AK US","61.169","-150.0278","36.6","2017-06","3","0","0","0","0","5.6","0","0.0","9.4","23.9","22.4","0","12.9","16.6","9.3","18.3",
"USW00026451","ANCHORAGE TED STEVENS INTERNATIONAL AIRPORT, AK US","61.169","-150.0278","36.6","2017-07","5","0","0","0","0","7.2","0","0.0","13.7","24.4","54.1","0","15.7","19.1","12.3","19.7",
"USW00026451","ANCHORAGE TED STEVENS INTERNATIONAL AIRPORT, AK US","61.169","-150.0278","36.6","2017-08","12","0","0","0","0","7.8","0","0.0","21.1","23.9","104.4","0","14.2","17.4","11.0","17.9",
"USW00026451","ANCHORAGE TED STEVENS INTERNATIONAL AIRPORT, AK US","61.169","-150.0278","36.6","2017-09","7","0","0","0","0","2.2","0","0.0","14.2","18.9","62.6","0","10.9","14.0","7.8","21.9",
"USW00026451","ANCHORAGE TED STEVENS INTERNATIONAL AIRPORT, AK US","61.169","-150.0278","36.6","2017-10","7","0","0","13","0","-7.1","0","8.0","16.3","12.8","79.2","13","4.0","7.3","0.7","21.0",
"USW00026451","ANCHORAGE TED STEVENS INTERNATIONAL AIRPORT, AK US","61.169","-150.0278","36.6","2017-11","3","25","3","30","0","-17.1","180","86.0","7.6","1.7","18.1","198","-6.1","-2.9","-9.3","15.2",
"USW00026451","ANCHORAGE TED STEVENS INTERNATIONAL AIRPORT, AK US","61.169","-150.0278","36.6","2017-12","2","31","1","29","0","-14.9","180","28.0","5.1","7.8","11.3","54","-3.0","-0.2","-5.8","20.1",
"USW00026451","ANCHORAGE TED STEVENS INTERNATIONAL AIRPORT, AK US","61.169","-150.0278","36.6","2018-01","2","31","2","31","0","-17.7","280","173.0","11.4","6.7","20.7","300","-6.5","-3.4","-9.6",,
"SNM00048698","SINGAPORE CHANGI INTERNATIONAL, SN","1.35","103.994","6.7","1998-01","9",,,,,,,,"79.0",,"276.7",,,,,,
"SNM00048698","SINGAPORE CHANGI INTERNATIONAL, SN","1.35","103.994","6.7","1998-02","5",,,"0","20","24.3",,,"11.9","34.6","44.7",,"29.5","33.3","25.8",,
"SNM00048698","SINGAPORE CHANGI INTERNATIONAL, SN","1.35","103.994","6.7","1998-03","5",,,,,,,,"20.1",,"59.0",,,,,,
"SNM00048698","SINGAPORE CHANGI INTERNATIONAL, SN","1.35","103.994","6.7","1998-04","14",,,,,,,,"65.0",,"240.3",,,,,,
"SNM00048698","SINGAPORE CHANGI INTERNATIONAL, SN","1.35","103.994","6.7","1998-05","14",,,,,,,,"84.1",,"376.1",,,,,,
"SNM00048698","SINGAPORE CHANGI INTERNATIONAL, SN","1.35","103.994","6.7","1998-06","12",,,,,,,,"42.9",,"219.4",,,,,,
"SNM00048698","SINGAPORE CHANGI INTERNATIONAL, SN","1.35","103.994","6.7","1998-07","10",,,,,,,,"54.1",,"253.9",,,,,,
"SNM00048698","SINGAPORE CHANGI INTERNATIONAL, SN","1.35","103.994","6.7","1998-08","12",,,,,,,,"36.1",,"197.4",,,,,,
"SNM00048698","SINGAPORE CHANGI INTERNATIONAL, SN","1.35","103.994","6.7","1998-09","16",,,,,,,,"55.1",,"316.5",,,,,,
"SNM00048698","SINGAPORE CHANGI INTERNATIONAL, SN","1.35","103.994","6.7","1998-10","16",,,,,,,,"35.1",,"213.0",,,,,,
"SNM00048698","SINGAPORE CHANGI INTERNATIONAL, SN","1.35","103.994","6.7","1998-11","6",,,,,,,,"56.9",,"107.4",,,,,,
"SNM00048698","SINGAPORE CHANGI INTERNATIONAL, SN","1.35","103.994","6.7","1998-12","16",,,,,,,,"74.9",,"406.0",,,,,,
"SNM00048698","SINGAPORE CHANGI INTERNATIONAL, SN","1.35","103.994","6.7","1999-10","9",,,,,,,,"27.9",,"135.8",,,,,,
"SNM00048698","SINGAPORE CHANGI INTERNATIONAL, SN","1.35","103.994","6.7","1999-11","6",,,,,,,,"34.0",,"119.3",,,,,,
"SNM00048698","SINGAPORE CHANGI INTERNATIONAL, SN","1.35","103.994","6.7","2000-02","14",,,,,,,,"39.9",,"244.9",,,,,,
"SNM00048698","SINGAPORE CHANGI INTERNATIONAL, SN","1.35","103.994","6.7","2000-04","11",,,,,,,,"70.4",,"291.2",,,,,,
"SNM00048698","SINGAPORE CHANGI INTERNATIONAL, SN","1.35","103.994","6.7","2000-08","10",,,,,,,,"27.7",,"110.2",,,,,,
"SNM00048698","SINGAPORE CHANGI INTERNATIONAL, SN","1.35","103.994","6.7","2000-10","11",,,,,,,,"38.4",,"131.1",,,,,,
"SNM00048698","SINGAPORE CHANGI INTERNATIONAL, SN","1.35","103.994","6.7","2000-11","15",,,,,,,,"71.9",,"350.8",,,,,,
"SNM00048698","SINGAPORE CHANGI INTERNATIONAL, SN","1.35","103.994","6.7","2000-12","13",,,,,,,,"45.7",,"223.7",,,,,,
"SNM00048698","SINGAPORE CHANGI INTERNATIONAL, SN","1.35","103.994","6.7","2001-01","10",,,,,,,,"46.5",,"240.9",,,,,,
"SNM00048698","SINGAPORE CHANGI INTERNATIONAL, SN","1.35","103.994","6.7","2001-02","7",,,,,,,,"28.2",,"94.6",,,,,,
"SNM00048698","SINGAPORE CHANGI INTERNATIONAL, SN","1.35","103.994","6.7","2001-03","15",,,,,,,,"90.7",,"373.0",,,,,,
"SNM00048698","SINGAPORE CHANGI INTERNATIONAL, SN","1.35","103.994","6.7","2001-04","12",,,,,,,,"68.8",,"208.9",,,,,,
"SNM00048698","SINGAPORE CHANGI INTERNATIONAL, SN","1.35","103.994","6.7","2001-08","11",,,,,,,,"37.1",,"160.5",,,,,,
"SNM00048698","SINGAPORE CHANGI INTERNATIONAL, SN","1.35","103.994","6.7","2001-10","6",,,,,,,,"33.5",,"129.0",,,,,,
"SNM00048698","SINGAPORE CHANGI INTERNATIONAL, SN","1.35","103.994","6.7","2001-12","20",,,,,,,,"239.3",,"567.4",,,,,,
"SNM00048698","SINGAPORE CHANGI INTERNATIONAL, SN","1.35","103.994","6.7","2002-01",,,,"0",,"23.4",,,,,,,,,"24.4",,
"SNM00048698","SINGAPORE CHANGI INTERNATIONAL, SN","1.35","103.994","6.7","2002-02",,,,,"4",,,,,"32.5",,,,"31.5",,,
"SNM00048698","SINGAPORE CHANGI INTERNATIONAL, SN","1.35","103.994","6.7","2002-03",,,,,"25",,,,,"34.8",,,,"33.2",,,
"SNM00048698","SINGAPORE CHANGI INTERNATIONAL, SN","1.35","103.994","6.7","2002-07",,,,,"17",,,,,"33.0",,,,"31.9",,,
"SNM00048698","SINGAPORE CHANGI INTERNATIONAL, SN","1.35","103.994","6.7","2002-08","6",,,,"12",,,,"18.5","33.6","61.1",,,"32.0",,,
"SNM00048698","SINGAPORE CHANGI INTERNATIONAL, SN","1.35","103.994","6.7","2002-09","9",,,,,,,,"28.2",,"124.7",,,,,,
"SNM00048698","SINGAPORE CHANGI INTERNATIONAL, SN","1.35","103.994","6.7","2002-10","1",,,,,,,,"2.8",,"10.9",,,,,,
"SNM00048698","SINGAPORE CHANGI INTERNATIONAL, SN","1.35","103.994","6.7","2002-11","12",,,,"12",,,,"84.1","34.0","313.8",,,"31.7",,,
"SNM00048698","SINGAPORE CHANGI INTERNATIONAL, SN","1.35","103.994","6.7","2002-12","16",,,,,,,,"42.9",,"254.3",,,,,,
"SNM00048698","SINGAPORE CHANGI INTERNATIONAL, SN","1.35","103.994","6.7","2003-01","13",,,,,,,,"194.1",,"446.0",,,,,,
"SNM00048698","SINGAPORE CHANGI INTERNATIONAL, SN","1.35","103.994","6.7","2003-02","9",,,,,,,,"82.3",,"174.4",,,,,,
"SNM00048698","SINGAPORE CHANGI INTERNATIONAL, SN","1.35","103.994","6.7","2003-03","10",,,,,,,,"38.6",,"178.4",,,,,,
"SNM00048698","SINGAPORE CHANGI INTERNATIONAL, SN","1.35","103.994","6.7","2003-04","11",,,,"15",,,,"43.2","33.7","161.9",,,"32.1",,,
"SNM00048698","SINGAPORE CHANGI INTERNATIONAL, SN","1.35","103.994","6.7","2003-05","6",,,,"17",,,,"33.0","34.3","81.8",,,"32.5",,,
"SNM00048698","SINGAPORE CHANGI INTERNATIONAL, SN","1.35","103.994","6.7","2003-06","4",,,,"18",,,,"23.1","34.3","51.4",,,"32.6",,,
"SNM00048698","SINGAPORE CHANGI INTERNATIONAL, SN","1.35","103.994","6.7","2003-07","11",,,,,,,,"31.0",,"171.6",,,,,,
"SNM00048698","SINGAPORE CHANGI INTERNATIONAL, SN","1.35","103.994","6.7","2003-08","11",,,,"15",,,,"64.5","33.1","196.6",,,"31.9",,,
"SNM00048698","SINGAPORE CHANGI INTERNATIONAL, SN","1.35","103.994","6.7","2003-09","7",,,,,,,,"55.1",,"202.1",,,,,,
"SNM00048698","SINGAPORE CHANGI INTERNATIONAL, SN","1.35","103.994","6.7","2003-10","16",,,,"9",,,,"105.9","33.0","348.6",,,"31.3",,,
"SNM00048698","SINGAPORE CHANGI INTERNATIONAL, SN","1.35","103.994","6.7","2003-11","9",,,,"6",,,,"41.4","33.0","139.2",,,"31.1",,,
"SNM00048698","SINGAPORE CHANGI INTERNATIONAL, SN","1.35","103.994","6.7","2003-12","12",,,,"1",,,,"92.2","32.2","272.0",,,"30.2",,,
"SNM00048698","SINGAPORE CHANGI INTERNATIONAL, SN","1.35","103.994","6.7","2004-01","12",,,,,,,,"177.8",,"600.7",,,,,,
"SNM00048698","SINGAPORE CHANGI INTERNATIONAL, SN","1.35","103.994","6.7","2004-02","4",,,,,,,,"19.3",,"49.8",,,,,,
"SNM00048698","SINGAPORE CHANGI INTERNATIONAL, SN","1.35","103.994","6.7","2004-03","12",,,,"18",,,,"122.7","33.7","269.7",,,"32.3",,,
"SNM00048698","SINGAPORE CHANGI INTERNATIONAL, SN","1.35","103.994","6.7","2004-04","5",,,,"23",,,,"18.0","35.1","57.0",,,"33.3",,,
"SNM00048698","SINGAPORE CHANGI INTERNATIONAL, SN","1.35","103.994","6.7","2004-05","4",,,,"21",,,,"73.4","34.3","137.8",,,"33.0",,,
"SNM00048698","SINGAPORE CHANGI INTERNATIONAL, SN","1.35","103.994","6.7","2004-06","4",,,,"19",,,,"86.1","33.7","143.4",,,"32.4",,,
"SNM00048698","SINGAPORE CHANGI INTERNATIONAL, SN","1.35","103.994","6.7","2004-07","12",,,,,,,,"34.3",,"167.5",,,,,,
"SNM00048698","SINGAPORE CHANGI INTERNATIONAL, SN","1.35","103.994","6.7","2004-08","5",,,,"6",,,,"111.5","33.5","177.0",,,"31.7",,,
"SNM00048698","SINGAPORE CHANGI INTERNATIONAL, SN","1.35","103.994","6.7","2004-09","9",,,,,,,,"29.2",,"131.9",,,,,,
"SNM00048698","SINGAPORE CHANGI INTERNATIONAL, SN","1.35","103.994","6.7","2004-10","11",,,,"11",,,,"25.4","34.2","124.8",,,"31.6",,,
"SNM00048698","SINGAPORE CHANGI INTERNATIONAL, SN","1.35","103.994","6.7","2004-11","5",,,,,,,,"62.5",,"140.8",,,,,,
"SNM00048698","SINGAPORE CHANGI INTERNATIONAL, SN","1.35","103.994","6.7","2004-12","10",,,,,,,,"20.1",,"103.5",,,,,,
"SNM00048698","SINGAPORE CHANGI INTERNATIONAL, SN","1.35","103.994","6.7","2005-01","8",,,,,,,,"96.8",,"199.5",,,,,,
"SNM00048698","SINGAPORE CHANGI INTERNATIONAL, SN","1.35","103.994","6.7","2005-02","1",,,,,,,,"7.1",,"8.4",,,,,,
"SNM00048698","SINGAPORE CHANGI INTERNATIONAL, SN","1.35","103.994","6.7","2005-03","6",,,,,,,,"20.6",,"81.4",,,,,,
"SNM00048698","SINGAPORE CHANGI INTERNATIONAL, SN","1.35","103.994","6.7","2005-04","5",,,,,,,,"49.5",,"82.6",,,,,,
"SNM00048698","SINGAPORE CHANGI INTERNATIONAL, SN","1.35","103.994","6.7","2005-05","15",,,,,,,,"58.7",,"330.9",,,,,,
"SNM00048698","SINGAPORE CHANGI INTERNATIONAL, SN","1.35","103.994","6.7","2005-06","7",,,,"12",,,,"27.7","33.9","82.5",,,"32.0",,,
"SNM00048698","SINGAPORE CHANGI INTERNATIONAL, SN","1.35","103.994","6.7","2005-07","9",,,,,,,,"26.4",,"104.1",,,,,,
"SNM00048698","SINGAPORE CHANGI INTERNATIONAL, SN","1.35","103.994","6.7","2005-08","7",,,,,,,,"13.7",,"56.8",,,,,,
"SNM00048698","SINGAPORE CHANGI INTERNATIONAL, SN","1.35","103.994","6.7","2005-09","12",,,,,,,,"43.4",,"177.1",,,,,,
"SNM00048698","SINGAPORE CHANGI INTERNATIONAL, SN","1.35","103.994","6.7","2005-10","11",,,,"7",,,,"76.2","33.0","314.8",,,"31.3",,,
"SNM00048698","SINGAPORE CHANGI INTERNATIONAL, SN","1.35","103.994","6.7","2005-11","13",,,,,,,,"133.9",,"350.5",,,,,,
"SNM00048698","SINGAPORE CHANGI INTERNATIONAL, SN","1.35","103.994","6.7","2005-12","10",,,,,,,,"47.2",,"162.7",,,,,,
"SNM00048698","SINGAPORE CHANGI INTERNATIONAL, SN","1.35","103.994","6.7","2006-01","13",,,,"0",,,,"131.8","32.0","459.0",,,"29.8",,,
"SNM00048698","SINGAPORE CHANGI INTERNATIONAL, SN","1.35","103.994","6.7","2006-02","5",,,,"6",,,,"44.5","33.3","112.9",,,"31.6",,,
"SNM00048698","SINGAPORE CHANGI INTERNATIONAL, SN","1.35","103.994","6.7","2006-03","4",,,,,,,,"35.8",,"84.4",,,,,,
"SNM00048698","SINGAPORE CHANGI INTERNATIONAL, SN","1.35","103.994","6.7","2006-04","16",,,,"15",,,,"43.2","34.1","241.3",,,"32.1",,,
"SNM00048698","SINGAPORE CHANGI INTERNATIONAL, SN","1.35","103.994","6.7","2006-05","11",,,,,,,,"36.6",,"203.5",,,,,,
"SNM00048698","SINGAPORE CHANGI INTERNATIONAL, SN","1.35","103.994","6.7","2006-06","16",,,,,,,,"37.3",,"239.2",,,,,,
"SNM00048698","SINGAPORE CHANGI INTERNATIONAL, SN","1.35","103.994","6.7","2006-07","8",,,,,,,,"54.9",,"153.9",,,,,,
"SNM00048698","SINGAPORE CHANGI INTERNATIONAL, SN","1.35","103.994","6.7","2006-08","8",,,,,,,,"30.5",,"103.5",,,,,,
"SNM00048698","SINGAPORE CHANGI INTERNATIONAL, SN","1.35","103.994","6.7","2006-09","7",,,,,,,,"32.3",,"95.1",,,,,,
"SNM00048698","SINGAPORE CHANGI INTERNATIONAL, SN","1.35","103.994","6.7","2006-10","6",,,,,,,,"37.8",,"114.2",,,,,,
"SNM00048698","SINGAPORE CHANGI INTERNATIONAL, SN","1.35","103.994","6.7","2006-11","12",,,,"8",,,,"64.0","33.2","185.7",,,"31.4",,,
"SNM00048698","SINGAPORE CHANGI INTERNATIONAL, SN","1.35","103.994","6.7","2006-12","19",,,,,,,,"197.9",,"766.1",,,,,,
"SNM00048698","SINGAPORE CHANGI INTERNATIONAL, SN","1.35","103.994","6.7","2007-01","16",,,,,,,,"143.8",,"450.6",,,,,,
"SNM00048698","SINGAPORE CHANGI INTERNATIONAL, SN","1.35","103.994","6.7","2007-02","2",,,,,,,,"51.3",,"54.1",,,,,,
"SNM00048698","SINGAPORE CHANGI INTERNATIONAL, SN","1.35","103.994","6.7","2007-03","12",,,,,,,,"68.8",,"294.6",,,,,,
"SNM00048698","SINGAPORE CHANGI INTERNATIONAL, SN","1.35","103.994","6.7","2007-04","9",,,,,,,,"102.4",,"244.1",,,,,,
"SNM00048698","SINGAPORE CHANGI INTERNATIONAL, SN","1.35","103.994","6.7","2007-05","12",,,,"15",,,,"22.6","33.4","149.6",,,"31.8",,,
"SNM00048698","SINGAPORE CHANGI INTERNATIONAL, SN","1.35","103.994","6.7","2007-06","6",,,,,,,,"38.1",,"139.2",,,,,,
"SNM00048698","SINGAPORE CHANGI INTERNATIONAL, SN","1.35","103.994","6.7","2007-07","11",,,,,,,,"23.1",,"141.4",,,,,,
"SNM00048698","SINGAPORE CHANGI INTERNATIONAL, SN","1.35","103.994","6.7","2007-08","10",,,,,,,,"30.7",,"129.4",,,,,,
"SNM00048698","SINGAPORE CHANGI INTERNATIONAL, SN","1.35","103.994","6.7","2007-09","8",,,,,,,,"52.1",,"148.9",,,,,,
"SNM00048698","SINGAPORE CHANGI INTERNATIONAL, SN","1.35","103.994","6.7","2007-10","10",,,,,,,,"51.8",,"247.2",,,,,,
"SNM00048698","SINGAPORE CHANGI INTERNATIONAL, SN","1.35","103.994","6.7","2007-11","16",,,,"7",,,,"60.2","33.5","310.4",,,"30.9",,,
"SNM00048698","SINGAPORE CHANGI INTERNATIONAL, SN","1.35","103.994","6.7","2007-12","14",,,,"0",,,,"149.1","31.8","325.7",,,"30.0",,,
"SNM00048698","SINGAPORE CHANGI INTERNATIONAL, SN","1.35","103.994","6.7","2008-01","8",,,,,,,,"123.2",,"257.0",,,,,,
"SNM00048698","SINGAPORE CHANGI INTERNATIONAL, SN","1.35","103.994","6.7","2008-02","4",,,,,,,,"48.5",,"128.8",,,,,,
"SNM00048698","SINGAPORE CHANGI INTERNATIONAL, SN","1.35","103.994","6.7","2008-03","13",,,,,,,,"48.0",,"293.9",,,,,,
"SNM00048698","SINGAPORE CHANGI INTERNATIONAL, SN","1.35","103.994","6.7","2008-04","5",,,,,,,,"34.3",,"86.9",,,,,,
"SNM00048698","SINGAPORE CHANGI INTERNATIONAL, SN","1.35","103.994","6.7","2008-05","4",,,,,,,,"42.4",,"98.2",,,,,,
"SNM00048698","SINGAPORE CHANGI INTERNATIONAL, SN","1.35","103.994","6.7","2008-06","7",,,,,,,,"45.2",,"139.3",,,,,,
"SNM00048698","SINGAPORE CHANGI INTERNATIONAL, SN","1.35","103.994","6.7","2008-07","8",,,,"5",,,,"23.6","32.7","89.6",,,"30.9",,,
"SNM00048698","SINGAPORE CHANGI INTERNATIONAL, SN","1.35","103.994","6.7","2008-08","11",,,,,,,,"133.9",,"321.4",,,,,,
"SNM00048698","SINGAPORE CHANGI INTERNATIONAL, SN","1.35","103.994","6.7","2008-09","12",,,,,,,,"43.4",,"146.4",,,,,,
"SNM00048698","SINGAPORE CHANGI INTERNATIONAL, SN","1.35","103.994","6.7","2008-10","12",,,,,,,,"25.9",,"141.7",,,,,,
"SNM00048698","SINGAPORE CHANGI INTERNATIONAL, SN","1.35","103.994","6.7","2008-11","12",,,,,,,,"63.2",,"363.6",,,,,,
"SNM00048698","SINGAPORE CHANGI INTERNATIONAL, SN","1.35","103.994","6.7","2008-12","14",,,,,,,,"52.1",,"241.5",,,,,,
"SNM00048698","SINGAPORE CHANGI INTERNATIONAL, SN","1.35","103.994","6.7","2009-01","2",,,,,,,,"36.1",,"43.3",,,,,,
"SNM00048698","SINGAPORE CHANGI INTERNATIONAL, SN","1.35","103.994","6.7","2009-02","6",,,"0","16","23.1",,,"74.2","35.0","165.9",,"28.2","32.4","24.1",,
"SNM00048698","SINGAPORE CHANGI INTERNATIONAL, SN","1.35","103.994","6.7","2009-03","16",,,,,,,,"56.4",,"259.7",,,,,,
"SNM00048698","SINGAPORE CHANGI INTERNATIONAL, SN","1.35","103.994","6.7","2009-04","7",,,,,,,,"86.6",,"183.7",,,,,,
"SNM00048698","SINGAPORE CHANGI INTERNATIONAL, SN","1.35","103.994","6.7","2009-05","12",,,,,,,,"41.4",,"198.7",,,,,,
"SNM00048698","SINGAPORE CHANGI INTERNATIONAL, SN","1.35","103.994","6.7","2009-06","5",,,,,,,,"5.8",,"21.8",,,,,,
"SNM00048698","SINGAPORE CHANGI INTERNATIONAL, SN","1.35","103.994","6.7","2009-07","13",,,,,,,,"24.4",,"161.1",,,,,,
"SNM00048698","SINGAPORE CHANGI INTERNATIONAL, SN","1.35","103.994","6.7","2009-08","9",,,,,,,,"35.6",,"176.1",,,,,,
"SNM00048698","SINGAPORE CHANGI INTERNATIONAL, SN","1.35","103.994","6.7","2009-09","8",,,,,,,,"63.0",,"108.1",,,,,,
"SNM00048698","SINGAPORE CHANGI INTERNATIONAL, SN","1.35","103.994","6.7","2009-10","9",,,,,,,,"38.4",,"133.2",,,,,,
"SNM00048698","SINGAPORE CHANGI INTERNATIONAL, SN","1.35","103.994","6.7","2009-11","16",,,,,,,,"61.5",,"284.3",,,,,,
"SNM00048698","SINGAPORE CHANGI INTERNATIONAL, SN","1.35","103.994","6.7","2009-12","13",,,,"2",,,,"42.7","32.6","190.2",,,"30.8",,,
"SNM00048698","SINGAPORE CHANGI INTERNATIONAL, SN","1.35","103.994","6.7","2010-01","6",,,"0",,"21.8",,,"24.4",,"69.0",,,,"24.2",,
"SNM00048698","SINGAPORE CHANGI INTERNATIONAL, SN","1.35","103.994","6.7","2010-02","1",,,"0",,"23.8",,,"2.8",,"6.3",,,,"25.4",,
"SNM00048698","SINGAPORE CHANGI INTERNATIONAL, SN","1.35","103.994","6.7","2010-03","9",,,,,,,,"57.7",,"188.8",,,,,,
"SNM00048698","SINGAPORE CHANGI INTERNATIONAL, SN","1.35","103.994","6.7","2010-04","12",,,,,,,,"49.0",,"207.0",,,,,,
"SNM00048698","SINGAPORE CHANGI INTERNATIONAL, SN","1.35","103.994","6.7","2010-05","9",,,,,,,,"90.4",,"151.9",,,,,,
"SNM00048698","SINGAPORE CHANGI INTERNATIONAL, SN","1.35","103.994","6.7","2010-06","13",,,,,,,,"42.9",,"244.5",,,,,,
"SNM00048698","SINGAPORE CHANGI INTERNATIONAL, SN","1.35","103.994","6.7","2010-07","12",,,,,,,,"121.2",,"263.0",,,,,,
"SNM00048698","SINGAPORE CHANGI INTERNATIONAL, SN","1.35","103.994","6.7","2010-08","8",,,,,,,,"60.2",,"194.9",,,,,,
"SNM00048698","SINGAPORE CHANGI INTERNATIONAL, SN","1.35","103.994","6.7","2010-09","9",,,,,,,,"27.9",,"95.9",,,,,,
"SNM00048698","SINGAPORE CHANGI INTERNATIONAL, SN","1.35","103.994","6.7","2010-10","11",,,,,,,,"58.2",,"185.8",,,,,,
"SNM00048698","SINGAPORE CHANGI INTERNATIONAL, SN","1.35","103.994","6.7","2010-11","13",,,,,,,,"47.5",,"242.1",,,,,,
"SNM00048698","SINGAPORE CHANGI INTERNATIONAL, SN","1.35","103.994","6.7","2010-12","10",,,,,,,,"85.9",,"190.7",,,,,,
"SNM00048698","SINGAPORE CHANGI INTERNATIONAL, SN","1.35","103.994","6.7","2011-01","11",,,,,,,,"216.2",,"484.6",,,,,,
"SNM00048698","SINGAPORE CHANGI INTERNATIONAL, SN","1.35","103.994","6.7","2011-02","2",,,"0","9","22.4",,,"29.2","33.3","52.6",,"27.8","31.5","24.1",,
"SNM00048698","SINGAPORE CHANGI INTERNATIONAL, SN","1.35","103.994","6.7","2011-03","13",,,,,,,,"54.1",,"250.3",,,,,,
"SNM00048698","SINGAPORE CHANGI INTERNATIONAL, SN","1.35","103.994","6.7","2011-04","8",,,,,,,,"61.7",,"223.9",,,,,,
"SNM00048698","SINGAPORE CHANGI INTERNATIONAL, SN","1.35","103.994","6.7","2011-05","8",,,,,,,,"34.3",,"126.3",,,,,,
"SNM00048698","SINGAPORE CHANGI INTERNATIONAL, SN","1.35","103.994","6.7","2011-06","9",,,,,,,,"77.0",,"185.5",,,,,,
"SNM00048698","SINGAPORE CHANGI INTERNATIONAL, SN","1.35","103.994","6.7","2011-07","6",,,,,,,,"30.0",,"101.6",,,,,,
"SNM00048698","SINGAPORE CHANGI INTERNATIONAL, SN","1.35","103.994","6.7","2011-08","6",,,,,,,,"30.2",,"82.0",,,,,,
"SNM00048698","SINGAPORE CHANGI INTERNATIONAL, SN","1.35","103.994","6.7","2011-09","9",,,,,,,,"40.4",,"132.5",,,,,,
"SNM00048698","SINGAPORE CHANGI INTERNATIONAL, SN","1.35","103.994","6.7","2011-10","15",,,,,,,,"54.1",,"205.8",,,,,,
"SNM00048698","SINGAPORE CHANGI INTERNATIONAL, SN","1.35","103.994","6.7","2011-11","16",,,,,,,,"78.5",,"388.1",,,,,,
"SNM00048698","SINGAPORE CHANGI INTERNATIONAL, SN","1.35","103.994","6.7","2011-12","13",,,,,,,,"87.4",,"293.9",,,,,,
"SNM00048698","SINGAPORE CHANGI INTERNATIONAL, SN","1.35","103.994","6.7","2012-01","8",,,,,,,,"26.2",,"90.5",,,,,,
"SNM00048698","SINGAPORE CHANGI INTERNATIONAL, SN","1.35","103.994","6.7","2012-02","5",,,,,,,,"38.4",,"98.8",,,,,,
"SNM00048698","SINGAPORE CHANGI INTERNATIONAL, SN","1.35","103.994","6.7","2012-03","13",,,,"8",,,,"50.3","33.2","256.8",,,"31.2",,,
"SNM00048698","SINGAPORE CHANGI INTERNATIONAL, SN","1.35","103.994","6.7","2012-04","11",,,,,,,,"48.5",,"263.2",,,,,,
"SNM00048698","SINGAPORE CHANGI INTERNATIONAL, SN","1.35","103.994","6.7","2012-05","11",,,,"9",,,,"79.2","33.7","261.1",,,"31.7",,,
"SNM00048698","SINGAPORE CHANGI INTERNATIONAL, SN","1.35","103.994","6.7","2012-06","3",,,,,,,,"38.1",,"84.6",,,,,,
"SNM00048698","SINGAPORE CHANGI INTERNATIONAL, SN","1.35","103.994","6.7","2012-07","10",,,,"0",,,,"35.3","32.1","133.7",,,"30.8",,,
"SNM00048698","SINGAPORE CHANGI INTERNATIONAL, SN","1.35","103.994","6.7","2012-08","7",,,,"3",,,,"31.0","32.7","118.4",,,"31.1",,,
"SNM00048698","SINGAPORE CHANGI INTERNATIONAL, SN","1.35","103.994","6.7","2012-09","5",,,,"5",,,,"35.8","32.6","105.5",,,"31.3",,,
"SNM00048698","SINGAPORE CHANGI INTERNATIONAL, SN","1.35","103.994","6.7","2012-10","12",,,,,,,,"22.6",,"121.4",,,,,,
"SNM00048698","SINGAPORE CHANGI INTERNATIONAL, SN","1.35","103.994","6.7","2012-11","14",,,,,,,,"49.3",,"212.5",,,,,,
"SNM00048698","SINGAPORE CHANGI INTERNATIONAL, SN","1.35","103.994","6.7","2012-12","13",,,,"2",,,,"61.7","32.2","284.5",,,"30.6",,,
"SNM00048698","SINGAPORE CHANGI INTERNATIONAL, SN","1.35","103.994","6.7","2013-01","11",,,,"3",,,,"78.7","35.2","340.7",,,"31.1",,,
"SNM00048698","SINGAPORE CHANGI INTERNATIONAL, SN","1.35","103.994","6.7","2013-02","12",,,,,,,,"95.3",,"387.4",,,,,,
"SNM00048698","SINGAPORE CHANGI INTERNATIONAL, SN","1.35","103.994","6.7","2013-03","6",,,,,,,,"29.7",,"88.5",,,,,,
"SNM00048698","SINGAPORE CHANGI INTERNATIONAL, SN","1.35","103.994","6.7","2013-04","13",,,,,,,,"41.7",,"164.8",,,,,,
"SNM00048698","SINGAPORE CHANGI INTERNATIONAL, SN","1.35","103.994","6.7","2013-05","9",,,,,,,,"46.2",,"187.3",,,,,,
"SNM00048698","SINGAPORE CHANGI INTERNATIONAL, SN","1.35","103.994","6.7","2013-06","9",,,,"21",,,,"24.6","34.5","134.0",,,"32.7",,,
"SNM00048698","SINGAPORE CHANGI INTERNATIONAL, SN","1.35","103.994","6.7","2013-07","9",,,,"8",,,,"37.3","33.5","160.2",,,"31.1",,,
"SNM00048698","SINGAPORE CHANGI INTERNATIONAL, SN","1.35","103.994","6.7","2013-08","9",,,,,,,,"43.2",,"165.6",,,,,,
"SNM00048698","SINGAPORE CHANGI INTERNATIONAL, SN","1.35","103.994","6.7","2013-09","10",,,,,,,,"52.6",,"255.3",,,,,,
"SNM00048698","SINGAPORE CHANGI INTERNATIONAL, SN","1.35","103.994","6.7","2013-10","11",,,,,,,,"139.2",,"285.1",,,,,,
"SNM00048698","SINGAPORE CHANGI INTERNATIONAL, SN","1.35","103.994","6.7","2013-11","14",,,,"5",,,,"43.9","32.7","262.8",,,"31.2",,,
"SNM00048698","SINGAPORE CHANGI INTERNATIONAL, SN","1.35","103.994","6.7","2013-12","11",,,,"1",,,,"119.9","32.4","365.0",,,"30.0",,,
"SNM00048698","SINGAPORE CHANGI INTERNATIONAL, SN","1.35","103.994","6.7","2014-01","6",,,,"0",,,,"19.6","31.8","89.0",,,"29.5",,,
"SNM00048698","SINGAPORE CHANGI INTERNATIONAL, SN","1.35","103.994","6.7","2014-02","0",,,,"8",,,,"0.3","33.8","0.3",,,"31.9",,,
"SNM00048698","SINGAPORE CHANGI INTERNATIONAL, SN","1.35","103.994","6.7","2014-03","3",,,,,,,,"52.6",,"66.0",,,,,,
"SNM00048698","SINGAPORE CHANGI INTERNATIONAL, SN","1.35","103.994","6.7","2014-04","8",,,,,,,,"28.7",,"96.7",,,,,,
"SNM00048698","SINGAPORE CHANGI INTERNATIONAL, SN","1.35","103.994","6.7","2014-05","10",,,,,,,,"22.4",,"139.4",,,,,,
"SNM00048698","SINGAPORE CHANGI INTERNATIONAL, SN","1.35","103.994","6.7","2014-06","7",,,,,,,,"18.8",,"71.2",,,,,,
"SNM00048698","SINGAPORE CHANGI INTERNATIONAL, SN","1.35","103.994","6.7","2014-07","8",,,,,,,,"29.0",,"149.1",,,,,,
"SNM00048698","SINGAPORE CHANGI INTERNATIONAL, SN","1.35","103.994","6.7","2014-08","11",,,,,,,,"41.1",,"240.0",,,,,,
"SNM00048698","SINGAPORE CHANGI INTERNATIONAL, SN","1.35","103.994","6.7","2014-09","5",,,,"12",,,,"35.3","33.2","84.3",,,"31.9",,,
"SNM00048698","SINGAPORE CHANGI INTERNATIONAL, SN","1.35","103.994","6.7","2014-10","8",,,,"17",,,,"32.8","34.1","102.7",,,"32.1",,,
"SNM00048698","SINGAPORE CHANGI INTERNATIONAL, SN","1.35","103.994","6.7","2014-11","13",,,,,,,,"64.5",,"268.8",,,,,,
"SNM00048698","SINGAPORE CHANGI INTERNATIONAL, SN","1.35","103.994","6.7","2014-12","10",,,,,,,,"51.6",,"245.9",,,,,,
"SNM00048698","SINGAPORE CHANGI INTERNATIONAL, SN","1.35","103.994","6.7","2015-01","3",,,,,,,,"33.5",,"79.5",,,,,,
"SNM00048698","SINGAPORE CHANGI INTERNATIONAL, SN","1.35","103.994","6.7","2015-02","3",,,,,,,,"10.9",,"19.5",,,,,,
"SNM00048698","SINGAPORE CHANGI INTERNATIONAL, SN","1.35","103.994","6.7","2015-03","5",,,,,,,,"35.3",,"75.5",,,,,,
"SNM00048698","SINGAPORE CHANGI INTERNATIONAL, SN","1.35","103.994","6.7","2015-04","7",,,,"25",,,,"18.8","34.4","80.4",,,"33.2",,,
"SNM00048698","SINGAPORE CHANGI INTERNATIONAL, SN","1.35","103.994","6.7","2015-05","8",,,,,,,,"38.6",,"90.3",,,,,,
"SNM00048698","SINGAPORE CHANGI INTERNATIONAL, SN","1.35","103.994","6.7","2015-06","7",,,,,,,,"45.0",,"108.8",,,,,,
"SNM00048698","SINGAPORE CHANGI INTERNATIONAL, SN","1.35","103.994","6.7","2015-07","7",,,,,,,,"45.7",,"114.9",,,,,,
"SNM00048698","SINGAPORE CHANGI INTERNATIONAL, SN","1.35","103.994","6.7","2015-08","8",,,,"6",,,,"61.5","33.1","188.2",,,"31.3",,,
"SNM00048698","SINGAPORE CHANGI INTERNATIONAL, SN","1.35","103.994","6.7","2015-09","5",,,,,,,,"18.3",,"61.8",,,,,,
"SNM00048698","SINGAPORE CHANGI INTERNATIONAL, SN","1.35","103.994","6.7","2015-10","5",,,,,,,,"28.7",,"87.3",,,,,,
"SNM00048698","SINGAPORE CHANGI INTERNATIONAL, SN","1.35","103.994","6.7","2015-11","4",,,,,,,,"23.9",,"48.1",,,,,,
"SNM00048698","SINGAPORE CHANGI INTERNATIONAL, SN","1.35","103.994","6.7","2015-12","16",,,,,,,,"43.7",,"314.5",,,,,,
"SNM00048698","SINGAPORE CHANGI INTERNATIONAL, SN","1.35","103.994","6.7","2016-01","7",,,,,,,,"55.9",,"139.5",,,,,,
"SNM00048698","SINGAPORE CHANGI INTERNATIONAL, SN","1.35","103.994","6.7","2016-02","6",,,,,,,,"71.9",,"186.3",,,,,,
"SNM00048698","SINGAPORE CHANGI INTERNATIONAL, SN","1.35","103.994","6.7","2016-03","0",,,,,,,,"2.3",,"5.1",,,,,,
"SNM00048698","SINGAPORE CHANGI INTERNATIONAL, SN","1.35","103.994","6.7","2016-04","8",,,,,,,,"21.8",,"90.2",,,,,,
"SNM00048698","SINGAPORE CHANGI INTERNATIONAL, SN","1.35","103.994","6.7","2016-05","10",,,,,,,,"54.9",,"193.8",,,,,,
"SNM00048698","SINGAPORE CHANGI INTERNATIONAL, SN","1.35","103.994","6.7","2016-06","9",,,,,,,,"64.5",,"162.8",,,,,,
"SNM00048698","SINGAPORE CHANGI INTERNATIONAL, SN","1.35","103.994","6.7","2016-07","6",,,,,,,,"60.7",,"164.9",,,,,,
"SNM00048698","SINGAPORE CHANGI INTERNATIONAL, SN","1.35","103.994","6.7","2016-08","11",,,,,,,,"31.5",,"143.8",,,,,,
"SNM00048698","SINGAPORE CHANGI INTERNATIONAL, SN","1.35","103.994","6.7","2016-09","12",,,,"14",,,,"17.3","34.4","124.2",,,"32.1",,,
"SNM00048698","SINGAPORE CHANGI INTERNATIONAL, SN","1.35","103.994","6.7","2016-10","12",,,,"11",,,,"75.4","34.6","188.2",,,"32.0",,,
"SNM00048698","SINGAPORE CHANGI INTERNATIONAL, SN","1.35","103.994","6.7","2016-11","14",,,,,,,,"65.5",,"277.4",,,,,,
"SNM00048698","SINGAPORE CHANGI INTERNATIONAL, SN","1.35","103.994","6.7","2016-12","14",,,,,,,,"72.9",,"258.7",,,,,,
"SNM00048698","SINGAPORE CHANGI INTERNATIONAL, SN","1.35","103.994","6.7","2017-10","10",,,,,,,,"37.6",,"120.0",,,,,,
"SNM00048698","SINGAPORE CHANGI INTERNATIONAL, SN","1.35","103.994","6.7","2017-11","16",,,,,,,,"42.7",,"270.4",,,,,,
